Date ,Site,Depth,sample_depth,epi,Time,Chl-a,pH,Temp,St.C,Conductivity,DO,Saturation,Secchi,Light,change_in_PAR,Light at surface,elevation,visit,watershed,sample_num,SA_m2,max_depth,fish,Elevation
7/8/16,Blue Lake,0,sur,1,9:11,0.520507659,6.75,2.8,8,4,8.23,60.9,6.25,1472,1,0.592391304,3449,one,Toll,1,91581,42,0,3461
7/8/16,Blue Lake,1,NA,NA,9:13,NA,6.78,2.8,9,5,8.14,60.1,6.25,872,0.592391304,NA,3449,one,Toll,1,91581,42,0,3461
7/8/16,Blue Lake,2,NA,NA,9:14,NA,6.72,2.73,10,6,8.14,60.2,6.25,690,0.46875,NA,3449,one,Toll,1,91581,42,0,3461
7/8/16,Blue Lake,3,NA,NA,9:16,NA,6.67,2.72,9,6,8.05,59.4,6.25,530,0.360054348,NA,3449,one,Toll,1,91581,42,0,3461
7/8/16,Blue Lake,4,NA,NA,9:19,NA,6.57,7.72,10,6,8.11,59.8,6.25,328,0.222826087,NA,3449,one,Toll,1,91581,42,0,3461
7/8/16,Blue Lake,5,NA,NA,9:21,NA,6.55,2.65,9,5,8.07,59.4,6.25,244,0.16576087,NA,3449,one,Toll,1,91581,42,0,3461
7/8/16,Blue Lake,6,NA,NA,9:22,NA,6.52,2.65,9,5,8.21,60.3,6.25,218,0.148097826,NA,3449,one,Toll,1,91581,42,0,3461
7/8/16,Blue Lake,7,NA,NA,9:23,NA,6.51,2.65,9,5,8.19,60.3,6.25,145,0.098505435,NA,3449,one,Toll,1,91581,42,0,3461
7/8/16,Blue Lake,8,NA,NA,9:23,NA,6.48,2.64,9,5,8.17,60.1,6.25,95.5,0.064877717,NA,3449,one,Toll,1,91581,42,0,3461
7/8/16,Blue Lake,9,NA,NA,9:24,NA,6.49,2.65,9,6,8.16,60,6.25,96.3,0.065421196,NA,3449,one,Toll,1,91581,42,0,3461
7/8/16,Blue Lake,10,NA,NA,9:26,NA,6.49,2.66,9,5,8.11,59.7,6.25,NA,NA,NA,3449,one,Toll,1,91581,42,0,3461
7/8/16,Blue Lake,11,NA,NA,9:28,NA,6.45,2.67,9,5,8.11,59.7,6.25,NA,NA,NA,3449,one,Toll,1,91581,42,0,3461
7/8/16,Blue Lake,12,NA,NA,9:29,NA,6.49,2.67,9,5,8.13,59.9,6.25,NA,NA,NA,3449,one,Toll,1,91581,42,0,3461
7/8/16,Blue Lake,13,NA,NA,9:30,NA,6.49,2.67,9,5,8.07,59.4,6.25,NA,NA,NA,3449,one,Toll,1,91581,42,0,3461
7/8/16,Blue Lake,14,NA,NA,9:32,NA,6.55,2.67,9,5,8.08,59.5,6.25,NA,NA,NA,3449,one,Toll,1,91581,42,0,3461
7/8/16,Blue Lake,15,NA,NA,9:33,NA,6.47,2.67,9,5,8.07,59.5,6.25,NA,NA,NA,3449,one,Toll,1,91581,42,0,3461
7/8/16,Blue Lake,16,NA,NA,9:35,NA,6.48,2.68,10,5,8.03,59.2,6.25,NA,NA,NA,3449,one,Toll,1,91581,42,0,3461
7/8/16,Blue Lake,17,NA,NA,9:36,1.561522977,6.47,2.7,9,5,8.06,59.3,6.25,NA,NA,NA,3449,one,Toll,1,91581,42,0,3461
7/8/16,Blue Lake,18,NA,NA,9:37,NA,6.46,2.7,9,5,8.07,59.5,6.25,NA,NA,NA,3449,one,Toll,1,91581,42,0,3461
7/8/16,Blue Lake,19,hypo,0,9:39,NA,6.49,2.71,9,5,8.02,59.2,6.25,NA,NA,NA,3449,one,Toll,1,91581,42,0,3461
7/25/16,Blue Lake,0,sur,1,9:23,3.160225072,7.18,7.85,9,6,6.76,56.8,3.5,1334,1,0.625187406,3449,two,Toll,3,91581,42,0,3461
7/25/16,Blue Lake,1,NA,NA,9:25,NA,7.2,7.82,8,5,6.69,56.2,3.5,834,0.625187406,NA,3449,two,Toll,3,91581,42,0,3461
7/25/16,Blue Lake,2,NA,NA,9:28,NA,7.19,7.59,8,5,6.78,56.8,3.5,394,0.295352324,NA,3449,two,Toll,3,91581,42,0,3461
7/25/16,Blue Lake,3,NA,NA,9:31,NA,7.2,7.34,9,6,6.92,57.5,3.5,240,0.179910045,NA,3449,two,Toll,3,91581,42,0,3461
7/25/16,Blue Lake,4,NA,NA,9:33,NA,7.32,7.17,8,6,7.03,58.2,3.5,165,0.123688156,NA,3449,two,Toll,3,91581,42,0,3461
7/25/16,Blue Lake,5,NA,NA,9:36,NA,7.37,6.93,9,6,7.07,58.2,3.5,135,0.1011994,NA,3449,two,Toll,3,91581,42,0,3461
7/25/16,Blue Lake,6,NA,NA,9:39,NA,7.35,6.85,9,6,7.09,58.3,3.5,100,0.074962519,NA,3449,two,Toll,3,91581,42,0,3461
7/25/16,Blue Lake,7,NA,NA,9:42,NA,7.27,6.79,9,6,7.06,57.9,3.5,73,0.054722639,NA,3449,two,Toll,3,91581,42,0,3461
7/25/16,Blue Lake,8,NA,NA,9:45,NA,7.15,6.44,9,6,7.11,57.8,3.5,41,0.030734633,NA,3449,two,Toll,3,91581,42,0,3461
7/25/16,Blue Lake,9,NA,NA,9:48,NA,7.05,6.41,8,6,7.07,57.4,3.5,27,0.02023988,NA,3449,two,Toll,3,91581,42,0,3461
7/25/16,Blue Lake,10,NA,NA,9:51,NA,6.99,6.2,8,6,7.08,57.2,3.5,NA,NA,NA,3449,two,Toll,3,91581,42,0,3461
7/25/16,Blue Lake,11,NA,NA,9:54,NA,6.83,5.91,9,6,7.08,56.8,3.5,NA,NA,NA,3449,two,Toll,3,91581,42,0,3461
7/25/16,Blue Lake,12,NA,NA,9:57,NA,6.62,5.64,9,6,7.14,56.9,3.5,NA,NA,NA,3449,two,Toll,3,91581,42,0,3461
7/25/16,Blue Lake,13,NA,NA,10:00,NA,6.58,5.39,9,6,7.07,55.9,3.5,NA,NA,NA,3449,two,Toll,3,91581,42,0,3461
7/25/16,Blue Lake,14,NA,NA,10:06,NA,6.5,5.28,9,6,7.01,55.2,3.5,NA,NA,NA,3449,two,Toll,3,91581,42,0,3461
7/25/16,Blue Lake,15,NA,NA,10:08,NA,6.47,5.04,9,6,7,54.9,3.5,NA,NA,NA,3449,two,Toll,3,91581,42,0,3461
7/25/16,Blue Lake,16,NA,NA,10:10,NA,6.42,5.01,9,6,6.97,54.6,3.5,NA,NA,NA,3449,two,Toll,3,91581,42,0,3461
7/25/16,Blue Lake,17,NA,NA,10:11,3.810859645,6.45,4.97,9,6,6.95,54.4,3.5,NA,NA,NA,3449,two,Toll,3,91581,42,0,3461
7/25/16,Blue Lake,18,NA,NA,10:12,NA,6.4,4.95,9,6,6.91,54.1,3.5,NA,NA,NA,3449,two,Toll,3,91581,42,0,3461
7/25/16,Blue Lake,19,hypo,0,10:14,NA,6.43,4.75,9,6,6.91,53.7,3.5,NA,NA,NA,3449,two,Toll,3,91581,42,0,3461
8/8/16,Blue Lake,0,sur,1,8:00,3.641995005,7.55,9.9,7,5,7.23,63.8,4,NA,NA,NA,3449,three,Toll,5,91581,42,0,3461
8/8/16,Blue Lake,1,NA,NA,8:04,NA,7.53,9.89,8,6,7.4,65.3,4,NA,NA,NA,3449,three,Toll,5,91581,42,0,3461
8/8/16,Blue Lake,2,NA,NA,8:06,NA,7.57,9.85,9,6,7.5,66.2,4,NA,NA,NA,3449,three,Toll,5,91581,42,0,3461
8/8/16,Blue Lake,3,NA,NA,8:08,NA,7.51,9.81,9,6,7.61,67,4,NA,NA,NA,3449,three,Toll,5,91581,42,0,3461
8/8/16,Blue Lake,4,NA,NA,8:11,NA,7.49,9.71,8,6,7.67,67.5,4,NA,NA,NA,3449,three,Toll,5,91581,42,0,3461
8/8/16,Blue Lake,5,NA,NA,8:13,NA,7.5,9.68,8,6,7.72,67.9,4,NA,NA,NA,3449,three,Toll,5,91581,42,0,3461
8/8/16,Blue Lake,6,NA,NA,8:16,NA,7.38,9.61,9,6,7.81,68.6,4,NA,NA,NA,3449,three,Toll,5,91581,42,0,3461
8/8/16,Blue Lake,7,NA,NA,8:18,NA,7.35,9.51,8,6,7.88,69,4,NA,NA,NA,3449,three,Toll,5,91581,42,0,3461
8/8/16,Blue Lake,8,NA,NA,8:20,NA,7.32,9.12,8,6,8.1,70.2,4,NA,NA,NA,3449,three,Toll,5,91581,42,0,3461
8/8/16,Blue Lake,9,NA,NA,8:22,NA,7.35,7.27,9,6,8.88,73.5,4,NA,NA,NA,3449,three,Toll,5,91581,42,0,3461
8/8/16,Blue Lake,10,NA,NA,8:24,NA,7.2,6.74,9,6,8.94,73.3,4,NA,NA,NA,3449,three,Toll,5,91581,42,0,3461
8/8/16,Blue Lake,11,NA,NA,8:27,NA,7.07,6.67,9,6,9.03,73.6,4,NA,NA,NA,3449,three,Toll,5,91581,42,0,3461
8/8/16,Blue Lake,12,NA,NA,8:29,NA,7.02,6.01,9,6,9.16,73.7,4,NA,NA,NA,3449,three,Toll,5,91581,42,0,3461
8/8/16,Blue Lake,13,NA,NA,8:31,NA,6.82,5.65,9,6,9.07,72.4,4,NA,NA,NA,3449,three,Toll,5,91581,42,0,3461
8/8/16,Blue Lake,14,NA,NA,8:33,NA,6.69,5.5,9,6,9.04,71.7,4,NA,NA,NA,3449,three,Toll,5,91581,42,0,3461
8/8/16,Blue Lake,15,NA,NA,8:35,NA,6.5,5.26,9,6,9.07,71.6,4,NA,NA,NA,3449,three,Toll,5,91581,42,0,3461
8/8/16,Blue Lake,16,NA,NA,8:37,NA,6.46,5.2,9,6,9.07,71.4,4,NA,NA,NA,3449,three,Toll,5,91581,42,0,3461
8/8/16,Blue Lake,17,NA,NA,8:39,2.389317181,6.4,4.98,9,6,9.02,70.6,4,NA,NA,NA,3449,three,Toll,5,91581,42,0,3461
8/8/16,Blue Lake,18,NA,NA,8:41,NA,6.36,4.82,9,6,9.02,70.4,4,NA,NA,NA,3449,three,Toll,5,91581,42,0,3461
8/8/16,Blue Lake,19,hypo,0,8:43,NA,6.24,4.73,9,6,8.91,69.3,4,NA,NA,NA,3449,three,Toll,5,91581,42,0,3461
6/30/16,Diamond Lake,0,sur,1,11:56,3.950684212,7.51,9.1,21,15,7.81,67.9,4,170.4,1,0.575,3340,one,Diamond,1,67692,7,1,3335
6/30/16,Diamond Lake,1,NA,NA,11:58,NA,7.52,9,21,15,7.69,66.6,4,97.98,0.575,NA,3340,one,Diamond,1,67692,7,1,3335
6/30/16,Diamond Lake,2,NA,NA,11:59,NA,7.52,8,22,15,7.97,67.1,4,72.85,0.427523474,NA,3340,one,Diamond,1,67692,7,1,3335
6/30/16,Diamond Lake,3,NA,NA,12:01,NA,7.52,7.55,21,14,7.91,66.2,4,52.18,0.306220657,NA,3340,one,Diamond,1,67692,7,1,3335
6/30/16,Diamond Lake,4,NA,NA,12:02,NA,7.52,7.31,24,16,7.91,65.7,4,33.27,0.195246479,NA,3340,one,Diamond,1,67692,7,1,3335
6/30/16,Diamond Lake,5,NA,NA,12:04,NA,7.55,6.85,23,15,8.41,69,4,21.47,0.125997653,NA,3340,one,Diamond,1,67692,7,1,3335
6/30/16,Diamond Lake,6,NA,NA,12:06,1.152552673,7.55,6.77,23,15,8.24,67.4,4,14.08,0.082629108,NA,3340,one,Diamond,1,67692,7,1,3335
6/30/16,Diamond Lake,7,hypo,0,12:09,NA,7.3,6.66,54,37,3.76,30.9,4,0,0,NA,3340,one,Diamond,1,67692,7,1,3335
7/21/16,Diamond Lake,0,sur,1,11:27,1.338448266,7.66,13.43,25,19,5.25,50.8,6,NA,NA,NA,3340,two,Diamond,3,67692,7,1,3335
7/21/16,Diamond Lake,1,NA,NA,11:29,NA,7.65,13.41,24,19,5.22,49.9,6,NA,NA,NA,3340,two,Diamond,3,67692,7,1,3335
7/21/16,Diamond Lake,2,NA,NA,11:31,NA,7.65,12.84,26,20,5.34,50.5,6,NA,NA,NA,3340,two,Diamond,3,67692,7,1,3335
7/21/16,Diamond Lake,3,NA,NA,11:32,NA,7.65,12.75,24,19,5.4,51.1,6,NA,NA,NA,3340,two,Diamond,3,67692,7,1,3335
7/21/16,Diamond Lake,4,NA,NA,11:35,NA,7.66,12.52,26,20,5.39,50.7,6,NA,NA,NA,3340,two,Diamond,3,67692,7,1,3335
7/21/16,Diamond Lake,5,NA,NA,11:36,NA,7.66,12.18,26,19,4.49,51.1,6,NA,NA,NA,3340,two,Diamond,3,67692,7,1,3335
7/21/16,Diamond Lake,6,hypo,0,11:40,1.48716474,7.76,12.07,26,20,5.54,51.5,6,NA,NA,NA,3340,two,Diamond,3,67692,7,1,3335
8/1/16,Diamond Lake,0,sur,1,10:12,1.794116004,7.76,13.79,27,20,4.73,45.7,6,NA,NA,NA,3340,three,Diamond,5,67692,7,1,3335
8/1/16,Diamond Lake,1,NA,NA,10:16,NA,7.76,13.75,27,22,4.76,45.9,6,NA,NA,NA,3340,three,Diamond,5,67692,7,1,3335
8/1/16,Diamond Lake,2,NA,NA,10:18,NA,7.78,13.52,21,21,4.8,46.1,6,NA,NA,NA,3340,three,Diamond,5,67692,7,1,3335
8/1/16,Diamond Lake,3,NA,NA,10:20,NA,7.76,13.2,26,20,4.86,46.3,6,NA,NA,NA,3340,three,Diamond,5,67692,7,1,3335
8/1/16,Diamond Lake,4,NA,NA,10:23,NA,7.76,13.07,27,20,4.86,46.6,6,NA,NA,NA,3340,three,Diamond,5,67692,7,1,3335
8/1/16,Diamond Lake,5,NA,NA,10:25,NA,7.9,12.9,28,21,4.98,47.2,6,NA,NA,NA,3340,three,Diamond,5,67692,7,1,3335
8/1/16,Diamond Lake,6,NA,NA,10:27,3.222419618,8.06,12.8,28,21,5.06,47.9,6,NA,NA,NA,3340,three,Diamond,5,67692,7,1,3335
8/1/16,Diamond Lake,7,hypo,0,10:29,NA,7.34,12.82,53,41,4.79,45.2,6,NA,NA,NA,3340,three,Diamond,5,67692,7,1,3335
7/5/16,Forest Lake,0,sur,1,8:50,8.057505127,7.35,8.29,19,13,7.51,63.9,2.75,991,1,0.836932392,3307,one,Forest,3,30656,3,1,3308
7/5/16,Forest Lake,0.5,NA,NA,8:52,NA,7.34,8.28,19,13,7.53,64.1,2.75,829.4,0.836932392,NA,3307,one,Forest,3,30656,3,1,3308
7/5/16,Forest Lake,1,NA,NA,8:54,NA,7.34,8.37,18,12,7.53,64.2,2.75,65.22,0.065812311,NA,3307,one,Forest,3,30656,3,1,3308
7/5/16,Forest Lake,1.5,NA,NA,8:55,NA,7.33,8.35,18,12,7.47,63.6,2.75,43.44,0.043834511,NA,3307,one,Forest,3,30656,3,1,3308
7/5/16,Forest Lake,2,NA,NA,8:57,NA,7.35,8.26,18,12,7.47,63.6,2.75,48.8,0.049243189,NA,3307,one,Forest,3,30656,3,1,3308
7/5/16,Forest Lake,2.5,NA,NA,8:59,4.654755457,7.33,8.13,20,13,7.5,63.5,2.75,33.25,0.033551968,NA,3307,one,Forest,3,30656,3,1,3308
7/5/16,Forest Lake,3,hypo,0,9:00,NA,7.34,8.13,19,13,7.53,63.8,2.75,27.66,0.027911201,NA,3307,one,Forest,3,30656,3,1,3308
7/29/16,Forest Lake,0,sur,1,9:06,7.648458326,8.27,13.86,24,19,5.31,51.7,2.5,1145,1,0.648908297,3307,two,Forest,5,30656,3,1,3308
7/29/16,Forest Lake,0.5,NA,NA,9:07,NA,8.27,13.87,21,17,5.36,51.4,2.5,743,0.648908297,NA,3307,two,Forest,5,30656,3,1,3308
7/29/16,Forest Lake,1,NA,NA,9:10,NA,8.28,13.88,21,17,5.37,51.4,2.5,612,0.534497817,NA,3307,two,Forest,5,30656,3,1,3308
7/29/16,Forest Lake,1.5,NA,NA,9:11,NA,8.29,13.87,21,16,5.34,51.4,2.5,503,0.43930131,NA,3307,two,Forest,5,30656,3,1,3308
7/29/16,Forest Lake,2,NA,NA,9:12,NA,8.29,13.86,20,16,5.34,51.6,2.5,454,0.39650655,NA,3307,two,Forest,5,30656,3,1,3308
7/29/16,Forest Lake,2.5,hypo,0,9:13,12.60372117,8.04,12.09,22,16,5.63,52.4,2.5,264,0.230567686,NA,3307,two,Forest,5,30656,3,1,3308
6/22/16,Isabelle Lake,0,sur,1,10:00,8.33259246,6.49,3.7,19,11,8.13,66.1,2.5,828,1,0.512077295,3307,one,Apache,1,125121,8,1,3313
6/22/16,Isabelle Lake,1,NA,NA,10:02,NA,6.52,3.67,20,12,8,60.6,2.5,424,0.512077295,NA,3307,one,Apache,1,125121,8,1,3313
6/22/16,Isabelle Lake,2,NA,NA,10:04,NA,6.5,3.6,19,12,7.91,59.5,2.5,380,0.458937198,NA,3307,one,Apache,1,125121,8,1,3313
6/22/16,Isabelle Lake,3,NA,NA,10:06,NA,5.41,3.6,18,11,8.01,60.5,2.5,178,0.214975845,NA,3307,one,Apache,1,125121,8,1,3313
6/22/16,Isabelle Lake,4,NA,NA,10:08,NA,6.4,3.55,18,11,7.99,60.3,2.5,72.7,0.087801932,NA,3307,one,Apache,1,125121,8,1,3313
6/22/16,Isabelle Lake,5,NA,NA,10:10,NA,6.37,3.58,19,11,8.05,60.7,2.5,17,0.020531401,NA,3307,one,Apache,1,125121,8,1,3313
6/22/16,Isabelle Lake,6,NA,NA,10:12,4.42984692,6.34,3.57,20,12,7.86,59.3,2.5,4,0.004830918,NA,3307,one,Apache,1,125121,8,1,3313
6/22/16,Isabelle Lake,7,hypo,0,10:14,NA,6.33,3.58,19,11,7.77,58.6,2.5,1.7,0.00205314,NA,3307,one,Apache,1,125121,8,1,3313
7/11/16,Isabelle Lake,0,sur,1,8:33,2.621127853,7.48,8.67,14,10,8.08,69.5,3,1222,1,0.560556465,3307,two,Apache,3,125121,8,1,3313
7/11/16,Isabelle Lake,1,NA,NA,8:36,NA,7.47,8.67,13,9,8.03,68.8,3,685,0.560556465,NA,3307,two,Apache,3,125121,8,1,3313
7/11/16,Isabelle Lake,2,NA,NA,8:39,NA,7.48,8.53,13,9,8.03,68.9,3,388,0.317512275,NA,3307,two,Apache,3,125121,8,1,3313
7/11/16,Isabelle Lake,3,NA,NA,8:41,NA,7.47,7.55,14,9,8.29,69.7,3,186.4,0.152536825,NA,3307,two,Apache,3,125121,8,1,3313
7/11/16,Isabelle Lake,4,NA,NA,8:45,NA,7.44,7.27,13,9,8.49,70.4,3,135.5,0.110883797,NA,3307,two,Apache,3,125121,8,1,3313
7/11/16,Isabelle Lake,5,NA,NA,8:46,NA,7.4,7.11,13,9,8.53,70.4,3,65.4,0.053518822,NA,3307,two,Apache,3,125121,8,1,3313
7/11/16,Isabelle Lake,6,NA,NA,8:48,15.05754299,7.28,6.41,13,8,8.56,69.6,3,40,0.032733224,NA,3307,two,Apache,3,125121,8,1,3313
7/11/16,Isabelle Lake,7,NA,NA,8:50,NA,7.11,6.18,14,9,8.2,66.2,3,20.1,0.016448445,NA,3307,two,Apache,3,125121,8,1,3313
7/11/16,Isabelle Lake,8,hypo,0,8:53,NA,7.2,6.23,13,9,8.45,68.2,3,4.28,0.003502455,NA,3307,two,Apache,3,125121,8,1,3313
8/5/16,Isabelle Lake,0,sur,1,8:01,3.178814631,7.81,12.01,13,9,6.45,59.8,3,311,1,0.491961415,3307,three,Apache,5,125121,8,1,3313
8/5/16,Isabelle Lake,1,NA,NA,8:04,NA,7.7,12.01,12,10,6.66,61.7,3,153,0.491961415,NA,3307,three,Apache,5,125121,8,1,3313
8/5/16,Isabelle Lake,2,NA,NA,8:07,NA,7.66,11.92,14,10,6.84,63.4,3,120,0.38585209,NA,3307,three,Apache,5,125121,8,1,3313
8/5/16,Isabelle Lake,3,NA,NA,8:17,NA,7.93,11.25,14,10,7.53,68.4,3,91.4,0.293890675,NA,3307,three,Apache,5,125121,8,1,3313
8/5/16,Isabelle Lake,4,NA,NA,8:20,NA,7.89,10.21,13,10,7.81,69.4,3,61.7,0.198392283,NA,3307,three,Apache,5,125121,8,1,3313
8/5/16,Isabelle Lake,5,NA,NA,8:22,NA,7.73,9.47,13,9,7.99,69.8,3,41,0.131832797,NA,3307,three,Apache,5,125121,8,1,3313
8/5/16,Isabelle Lake,6,NA,NA,8:24,7.900562679,7.35,8.96,13,9,7.77,67.2,3,22.5,0.072347267,NA,3307,three,Apache,5,125121,8,1,3313
8/5/16,Isabelle Lake,7,hypo,0,8:26,NA,7.14,8.88,13,9,7.7,66.5,3,16,0.051446945,NA,3307,three,Apache,5,125121,8,1,3313
6/15/16,Jasper Lake,0,sur,1,10:43,2.398053143,NA,2.6,21,11,8.73,64.3,3.5,1322,1,0.504236006,3301,one,Storm,1,24983,10,1,3296
6/15/16,Jasper Lake,1,NA,NA,10:44,NA,NA,2.59,20,11,8.75,64.3,3.5,666.6,0.504236006,NA,3301,one,Storm,1,24983,10,1,3296
6/15/16,Jasper Lake,2,NA,NA,10:45,NA,NA,2.55,22,12,8.66,63.7,3.5,340.4,0.257488654,NA,3301,one,Storm,1,24983,10,1,3296
6/15/16,Jasper Lake,3,NA,NA,10:47,NA,NA,2.55,21,12,8.55,62.7,3.5,137.1,0.103706505,NA,3301,one,Storm,1,24983,10,1,3296
6/15/16,Jasper Lake,4,hypo,0,10:49,2.21215755,NA,2.56,22,13,8.4,61.8,3.5,51.07,0.038630862,NA,3301,one,Storm,1,24983,10,1,3296
7/6/16,Jasper Lake,0,sur,1,8:15,3.290351986,7.72,9.63,17,12,7.64,67.4,3.5,1194,1,0.385259631,3301,two,Storm,3,24983,10,1,3296
7/6/16,Jasper Lake,1,NA,NA,8:18,NA,7.6,9.66,16,12,7.64,67.1,3.5,460,0.385259631,NA,3301,two,Storm,3,24983,10,1,3296
7/6/16,Jasper Lake,2,NA,NA,8:21,NA,7.61,9.63,17,12,7.69,67.1,3.5,226,0.189279732,NA,3301,two,Storm,3,24983,10,1,3296
7/6/16,Jasper Lake,3,NA,NA,8:23,9.722339485,7.6,9.22,17,12,7.82,68.2,3.5,151,0.126465662,NA,3301,two,Storm,3,24983,10,1,3296
7/6/16,Jasper Lake,4,NA,NA,8:25,NA,7.53,8.05,19,13,8.32,70.2,3.5,105,0.087939698,NA,3301,two,Storm,3,24983,10,1,3296
7/6/16,Jasper Lake,5,NA,NA,8:27,NA,7.5,7.51,20,13,8.52,71,3.5,60,0.050251256,NA,3301,two,Storm,3,24983,10,1,3296
7/6/16,Jasper Lake,6,NA,NA,8:30,NA,7.35,6.36,24,15,8.8,71.5,3.5,33,0.027638191,NA,3301,two,Storm,3,24983,10,1,3296
7/6/16,Jasper Lake,7,NA,NA,8:32,NA,6.71,5.38,32,20,5.9,47.4,3.5,0.02,1.68E-05,NA,3301,two,Storm,3,24983,10,1,3296
7/6/16,Jasper Lake,8,NA,NA,8:34,NA,6.53,5.25,34,21,5.04,40.9,3.5,0.005,4.19E-06,NA,3301,two,Storm,3,24983,10,1,3296
7/6/16,Jasper Lake,9,hypo,0,8:44,20.78312724,6.56,4.29,49,29,0.94,7.3,3.5,NA,NA,NA,3301,two,Storm,3,24983,10,1,3296
7/13/16,Lion Lake 2,0,sur,1,11:20,6.301860584,7.22,8.95,8,5,9.03,78,4,1344,1,0.603422619,3478,one,Cheifs Head,1,17815,9,0,3432
7/13/16,Lion Lake 2,1,NA,NA,11:22,NA,7.22,8.94,9,6,9,77.7,4,811,0.603422619,NA,3478,one,Cheifs Head,1,17815,9,0,3432
7/13/16,Lion Lake 2,2,NA,NA,11:24,NA,7.23,8.86,8,6,8.99,77.5,4,419.2,0.311904762,NA,3478,one,Cheifs Head,1,17815,9,0,3432
7/13/16,Lion Lake 2,3,NA,NA,11:27,NA,7.31,8.47,9,6,9.11,77.7,4,200.8,0.149404762,NA,3478,one,Cheifs Head,1,17815,9,0,3432
7/13/16,Lion Lake 2,4,NA,NA,11:29,NA,7.38,8.24,8,6,9.25,78.5,4,108.5,0.080729167,NA,3478,one,Cheifs Head,1,17815,9,0,3432
7/13/16,Lion Lake 2,5,NA,NA,11:31,NA,7.42,8.15,8,6,9.31,78.8,4,68.2,0.050744048,NA,3478,one,Cheifs Head,1,17815,9,0,3432
7/13/16,Lion Lake 2,6,NA,NA,11:33,NA,7.5,8.07,8,6,9.33,78.9,4,43.21,0.032150298,NA,3478,one,Cheifs Head,1,17815,9,0,3432
7/13/16,Lion Lake 2,7,NA,NA,11:36,NA,7.3,7.52,9,6,9.3,77.6,4,27.41,0.020394345,NA,3478,one,Cheifs Head,1,17815,9,0,3432
7/13/16,Lion Lake 2,8,NA,NA,11:37,10.14989935,7.12,7.24,9,6,9.12,75.6,4,15,0.011160714,NA,3478,one,Cheifs Head,1,17815,9,0,3432
7/13/16,Lion Lake 2,9,hypo,0,11:40,NA,6.88,7.06,9,6,8.39,70,4,9.32,0.006934524,NA,3478,one,Cheifs Head,1,17815,9,0,3432
7/27/16,Lion Lake 2,0,sur,1,13:01,9.787105535,7.15,12.06,9,7,5.33,49.7,4.75,1480,1,0.568243243,3478,two,Cheifs Head,3,17815,9,0,3432
7/27/16,Lion Lake 2,1,NA,NA,13:03,NA,7.15,12.05,10,7,5.28,49.1,4.75,841,0.568243243,NA,3478,two,Cheifs Head,3,17815,9,0,3432
7/27/16,Lion Lake 2,2,NA,NA,13:05,NA,7.16,11.46,8,6,5.44,49.6,4.75,697,0.470945946,NA,3478,two,Cheifs Head,3,17815,9,0,3432
7/27/16,Lion Lake 2,3,NA,NA,13:07,NA,7.16,11.06,9,6,5.48,49.8,4.75,460,0.310810811,NA,3478,two,Cheifs Head,3,17815,9,0,3432
7/27/16,Lion Lake 2,4,NA,NA,13:09,NA,7.16,10.96,9,7,5.48,49.7,4.75,340,0.22972973,NA,3478,two,Cheifs Head,3,17815,9,0,3432
7/27/16,Lion Lake 2,5,NA,NA,13:11,NA,7.18,10.27,9,6,5.73,51,4.75,224,0.151351351,NA,3478,two,Cheifs Head,3,17815,9,0,3432
7/27/16,Lion Lake 2,6,NA,NA,13:12,NA,7.23,9.55,9,6,5.95,52.1,4.75,167,0.112837838,NA,3478,two,Cheifs Head,3,17815,9,0,3432
7/27/16,Lion Lake 2,7,NA,NA,13:15,NA,7.19,9.29,9,6,5.92,51.7,4.75,90,0.060810811,NA,3478,two,Cheifs Head,3,17815,9,0,3432
7/27/16,Lion Lake 2,8,NA,NA,13:17,12.67193834,6.63,9.11,10,7,5.13,44.7,4.75,60,0.040540541,NA,3478,two,Cheifs Head,3,17815,9,0,3432
7/27/16,Lion Lake 2,9,hypo,0,13:21,NA,6.41,9.09,10,7,4.6,39.8,4.75,26.5,0.017905405,NA,3478,two,Cheifs Head,3,17815,9,0,3432
8/10/16,Lion Lake 2,0,sur,1,10:34,2.427623316,6.92,11.72,9,7,6.21,57.3,5,410,1,0.609756098,3478,three,Cheifs Head,5,17815,9,0,3432
8/10/16,Lion Lake 2,1,NA,NA,10:36,NA,6.91,11.76,10,7,6.27,57.8,5,250,0.609756098,NA,3478,three,Cheifs Head,5,17815,9,0,3432
8/10/16,Lion Lake 2,2,NA,NA,10:38,NA,6.9,11.77,10,7,6.29,58,5,175,0.426829268,NA,3478,three,Cheifs Head,5,17815,9,0,3432
8/10/16,Lion Lake 2,3,NA,NA,10:39,NA,6.91,11.76,10,8,6.33,58.4,5,124,0.302439024,NA,3478,three,Cheifs Head,5,17815,9,0,3432
8/10/16,Lion Lake 2,4,NA,NA,10:40,NA,6.92,11.66,10,7,6.38,58.7,5,88,0.214634146,NA,3478,three,Cheifs Head,5,17815,9,0,3432
8/10/16,Lion Lake 2,5,NA,NA,10:42,NA,6.88,11.57,10,7,6.4,58.9,5,64,0.156097561,NA,3478,three,Cheifs Head,5,17815,9,0,3432
8/10/16,Lion Lake 2,6,NA,NA,10:44,NA,6.87,11.52,10,7,6.44,59.1,5,47,0.114634146,NA,3478,three,Cheifs Head,5,17815,9,0,3432
8/10/16,Lion Lake 2,7,NA,NA,10:45,NA,6.88,11.46,9,7,6.45,59.1,5,32.7,0.079756098,NA,3478,three,Cheifs Head,5,17815,9,0,3432
8/10/16,Lion Lake 2,8,NA,NA,10:46,2.457416977,6.89,11.46,10,7,6.49,59.4,5,24.5,0.059756098,NA,3478,three,Cheifs Head,5,17815,9,0,3432
8/10/16,Lion Lake 2,9,hypo,0,10:48,NA,6.82,11.36,13,9,6.4,58.5,5,16,0.03902439,NA,3478,three,Cheifs Head,5,17815,9,0,3432
6/22/16,Long Lake,0,sur,1,13:36,3.457408717,6.84,6.26,13,12,8.27,66.9,2.25,1375.5,1,0.650381679,3253,one,Apache,1,161340,7,1,3253
6/22/16,Long Lake,1,NA,NA,13:38,NA,6.84,5.94,17,10,8.23,66.2,2.25,894.6,0.650381679,NA,3253,one,Apache,1,161340,7,1,3253
6/22/16,Long Lake,2,NA,NA,13:40,NA,6.84,5.7,16,10,8.2,65.4,2.25,320.5,0.23300618,NA,3253,one,Apache,1,161340,7,1,3253
6/22/16,Long Lake,3,NA,NA,13:41,NA,6.84,5.53,16,10,8.18,65,2.25,168.6,0.12257361,NA,3253,one,Apache,1,161340,7,1,3253
6/22/16,Long Lake,4,NA,NA,13:42,NA,6.77,5.24,17,11,8.18,64.6,2.25,81.64,0.059352963,NA,3253,one,Apache,1,161340,7,1,3253
6/22/16,Long Lake,5,NA,NA,13:43,NA,6.55,4.95,17,10,8,63.2,2.25,37.5,0.027262814,NA,3253,one,Apache,1,161340,7,1,3253
6/22/16,Long Lake,6,NA,NA,13:47,3.369147797,6.78,4.83,17,10,7.72,60.2,2.25,15.41,0.011203199,NA,3253,one,Apache,1,161340,7,1,3253
6/22/16,Long Lake,7,hypo,0,13:49,NA,6.84,4.87,18,11,7.5,50.6,2.25,9,0.006543075,NA,3253,one,Apache,1,161340,7,1,3253
7/11/16,Long Lake,0,sur,1,11:20,4.368546422,7.24,11.17,17,12,7,63.7,3.5,1118,1,0.421288014,3253,two,Apache,3,161340,7,1,3253
7/11/16,Long Lake,1,NA,NA,1:22,NA,7.25,10.9,15,11,6.92,63,3.5,471,0.421288014,NA,3253,two,Apache,3,161340,7,1,3253
7/11/16,Long Lake,2,NA,NA,11:24,NA,7.26,10.7,15,11,7.09,63.7,3.5,246,0.220035778,NA,3253,two,Apache,3,161340,7,1,3253
7/11/16,Long Lake,3,NA,NA,11:26,NA,7.26,10.53,17,12,7.12,63.8,3.5,117.6,0.105187835,NA,3253,two,Apache,3,161340,7,1,3253
7/11/16,Long Lake,4,NA,NA,11:28,NA,7.26,10.36,15,10,7.18,64.2,3.5,64,0.057245081,NA,3253,two,Apache,3,161340,7,1,3253
7/11/16,Long Lake,5,NA,NA,11:29,NA,7.25,10.13,15,11,7.16,63.5,3.5,41.5,0.037119857,NA,3253,two,Apache,3,161340,7,1,3253
7/11/16,Long Lake,6,NA,NA,11:30,6.971084717,7.24,9.99,16,11,7.12,63.1,3.5,21.5,0.019230769,NA,3253,two,Apache,3,161340,7,1,3253
7/11/16,Long Lake,7,hypo,0,11:32,NA,7.17,9.96,16,11,7.05,62.8,3.5,0.001,8.94E-07,NA,3253,two,Apache,3,161340,7,1,3253
8/5/16,Long Lake,0,sur,1,10:15,2.119209754,7.07,12.23,15,12,6.68,62.3,3.5,230,1,0.57826087,3253,three,Apache,5,161340,7,1,3253
8/5/16,Long Lake,1,NA,NA,10:17,NA,7.08,12.23,17,13,6.68,62.3,3.5,133,0.57826087,NA,3253,three,Apache,5,161340,7,1,3253
8/5/16,Long Lake,2,NA,NA,10:19,NA,7.08,12.15,12,9,6.73,62.7,3.5,84,0.365217391,NA,3253,three,Apache,5,161340,7,1,3253
8/5/16,Long Lake,3,NA,NA,10:21,NA,7,11.68,17,13,6.78,62.3,3.5,50,0.217391304,NA,3253,three,Apache,5,161340,7,1,3253
8/5/16,Long Lake,4,NA,NA,10:23,NA,6.88,11.37,17,13,6.64,61,3.5,31,0.134782609,NA,3253,three,Apache,5,161340,7,1,3253
8/5/16,Long Lake,5,NA,NA,10:25,2.528180057,6.62,11.26,14,10,6.63,60.6,3.5,18,0.07826087,NA,3253,three,Apache,5,161340,7,1,3253
8/5/16,Long Lake,6,hypo,0,10:27,NA,6.79,11.13,14,10,6.66,60.6,3.5,12,0.052173913,NA,3253,three,Apache,5,161340,7,1,3253
6/2/16,Lost Lake,0,sur,1,9:23,8.476839015,7.53,11.48,53,40,8.11,74.3,3,1116,1,0.28109319,2987,one,Woodland,1,24983,4,0,2983
6/2/16,Lost Lake,1,NA,NA,9:26,NA,7.45,9.71,55,38,8.51,74.9,3,313.7,0.28109319,NA,2987,one,Woodland,1,24983,4,0,2983
6/2/16,Lost Lake,2,NA,NA,9:27,NA,7.42,9.12,55,39,8.9,77.2,3,250.2,0.224193548,NA,2987,one,Woodland,1,24983,4,0,2983
6/2/16,Lost Lake,3,NA,NA,9:31,NA,7,8.9,56,39,8.25,71.3,3,194.4,0.174193548,NA,2987,one,Woodland,1,24983,4,0,2983
6/2/16,Lost Lake,4,hypo,0,9:34,6.246091906,6.65,8.58,61,42,5.98,51.7,3,0.16,0.000143369,NA,2987,one,Woodland,1,24983,4,0,2983
6/16/16,Lost Lake,0,sur,1,11:59,3.674171709,7.62,13.06,47,36,7.8,74.1,3.5,1086,1,0.424493554,2987,two,Woodland,3,24983,4,0,2983
6/16/16,Lost Lake,1,NA,NA,12:02,NA,7.63,12.02,47,36,7.68,72.5,3.5,461,0.424493554,NA,2987,two,Woodland,3,24983,4,0,2983
6/16/16,Lost Lake,2,NA,NA,12:04,NA,7.63,12.04,47,36,7.77,73.1,3.5,342,0.314917127,NA,2987,two,Woodland,3,24983,4,0,2983
6/16/16,Lost Lake,3,NA,NA,12:06,NA,7.58,12.06,47,35,7.83,72.7,3.5,164,0.151012891,NA,2987,two,Woodland,3,24983,4,0,2983
6/16/16,Lost Lake,4,hypo,0,12:15,6.21422409,6.69,11.65,50,36,7.35,67.6,3.5,13.3,0.012246777,NA,2987,two,Woodland,3,24983,4,0,2983
7/14/16,Lost Lake,0,sur,1,8:49,2.751254768,8.21,16.49,49,41,6.43,65.9,3.5,943.9,1,0.392202564,2987,three,Woodland,2,24983,4,0,2983
7/14/16,Lost Lake,1,NA,NA,8:51,NA,8.23,16.43,49,41,6.39,65.4,3.5,370.2,0.392202564,NA,2987,three,Woodland,2,24983,4,0,2983
7/14/16,Lost Lake,2,NA,NA,8:54,NA,7.91,16.22,49,41,6.15,62.6,3.5,241.1,0.255429601,NA,2987,three,Woodland,2,24983,4,0,2983
7/14/16,Lost Lake,3,NA,NA,8:57,2.156388872,7.69,16.04,51,42,5.81,58.9,3.5,116.4,0.123318148,NA,2987,three,Woodland,2,24983,4,0,2983
7/14/16,Lost Lake,3.5,hypo,0,8:59,NA,7.77,15.98,52,42,6.01,60.9,3.5,90.87,0.096270791,NA,2987,three,Woodland,2,24983,4,0,2983
6/20/16,Mitchell Lake,0,sur,1,11:30,0.906578533,7.17,5.24,16,10,9.44,74.6,1.25,1375.5,1,0.681206834,2987,one,Toll,1,53606,1.75,1,3272
6/20/16,Mitchell Lake,0.5,NA,NA,11:32,NA,7.09,5.11,15,10,9.3,73.2,1.25,937,0.681206834,NA,2987,one,Toll,1,53606,1.75,1,3272
6/20/16,Mitchell Lake,1,hypo,0,11:34,3.383299782,7.02,4.69,16,10,9.35,72.7,1.25,561,0.40785169,NA,2987,one,Toll,1,53606,1.75,1,3272
5/27/16,Mud Lake,0,sur,1,7:05,1.948012583,7.14,11.6,9.7,7.2,4.85,44.8,1.75,638.5,1,0.338606108,2480,one,Ground,1,14803,3,0,2480
5/27/16,Mud Lake,1,NA,NA,7:08,NA,7.15,11.57,96,7.1,4.96,45.2,1.75,216.2,0.338606108,NA,2480,one,Ground,1,14803,3,0,2480
5/27/16,Mud Lake,2,hypo,0,7:10,0.948468868,7.1,11.44,95,7.1,4.65,43.6,1.75,89.4,0.140015662,NA,2480,one,Ground,1,14803,3,0,2480
6/13/16,Mud Lake,0,sur,1,10:10,3.908121839,7.15,18.67,99,87,4.29,46,1.75,661,1,0.30332829,2480,two,Ground,3,14803,3,0,2480
6/13/16,Mud Lake,0.5,NA,NA,10:15,NA,7.11,18.23,100,87,3.97,42.2,1.75,200.5,0.30332829,NA,2480,two,Ground,3,14803,3,0,2480
6/13/16,Mud Lake,1,NA,NA,10:17,NA,7.11,17.97,99,86,3.64,37.8,1.75,68.23,0.10322239,NA,2480,two,Ground,3,14803,3,0,2480
6/13/16,Mud Lake,1.5,NA,NA,10:22,NA,6.98,17.69,99,86,3.01,31.6,1.75,69,0.104387292,NA,2480,two,Ground,3,14803,3,0,2480
6/13/16,Mud Lake,2,NA,NA,10:27,NA,7.08,14.29,121,96,3.14,30.7,1.75,61.2,0.092586989,NA,2480,two,Ground,3,14803,3,0,2480
6/13/16,Mud Lake,2.5,hypo,0,10:31,14.20149559,7.15,14.48,115,92,3.49,34.2,1.75,36,0.054462935,NA,2480,two,Ground,3,14803,3,0,2480
7/15/16,Mud Lake,0,sur,1,8:42,7.993510475,7.25,19.13,111,99,3.77,41,1.25,895.3,1,0.030604267,2480,three,Ground,5,14803,3,0,2480
7/15/16,Mud Lake,0.5,NA,NA,8:45,NA,7.23,19.24,112,100,3.55,39,1.25,27.4,0.030604267,NA,2480,three,Ground,5,14803,3,0,2480
7/15/16,Mud Lake,1,NA,NA,8:47,NA,7.23,19.19,111,99,3.68,40,1.25,165.6,0.184965933,NA,2480,three,Ground,5,14803,3,0,2480
7/15/16,Mud Lake,1.5,NA,NA,8:51,NA,7.06,19.05,113,100,2.62,28.1,1.25,47.07,0.052574556,NA,2480,three,Ground,5,14803,3,0,2480
7/15/16,Mud Lake,2,NA,NA,8:53,5.353793062,7.06,18.6,117,103,2.16,23,1.25,37.39,0.041762538,NA,2480,three,Ground,5,14803,3,0,2480
7/15/16,Mud Lake,2.5,hypo,0,8:56,NA,7.99,18.09,122,108,1.82,19.4,1.25,0.1682,0.00018787,NA,2480,three,Ground,5,14803,3,0,2480
6/27/16,Pear Reservoir,0,sur,1,10:15,3.206514732,7.31,12.35,11,8,6.85,64.1,4,1305,1,0.488888889,3226,one,Copeland,1,61783,16,1,3226
6/27/16,Pear Reservoir,1,NA,NA,10:18,NA,7.1,11.9,12,9,6.93,64.1,4,638,0.488888889,NA,3226,one,Copeland,1,61783,16,1,3226
6/27/16,Pear Reservoir,2,NA,NA,10:26,NA,7.12,10.44,13,9,7.43,66.6,4,469,0.359386973,NA,3226,one,Copeland,1,61783,16,1,3226
6/27/16,Pear Reservoir,3,NA,NA,10:28,NA,7.23,9.53,12,8,7.87,69.1,4,138,0.105747126,NA,3226,one,Copeland,1,61783,16,1,3226
6/27/16,Pear Reservoir,4,NA,NA,10:32,NA,7.43,7.56,13,9,8.75,73.1,4,77.3,0.059233716,NA,3226,one,Copeland,1,61783,16,1,3226
6/27/16,Pear Reservoir,5,NA,NA,10:34,NA,7.19,6.66,14,9,8.33,68,4,30.8,0.023601533,NA,3226,one,Copeland,1,61783,16,1,3226
6/27/16,Pear Reservoir,6,NA,NA,10:36,NA,6.8,6.25,14,9,7.37,59.6,4,17.4,0.013333333,NA,3226,one,Copeland,1,61783,16,1,3226
6/27/16,Pear Reservoir,7,NA,NA,10:38,NA,6.6,6.01,15,9,6.82,54.8,4,8.1,0.006206897,NA,3226,one,Copeland,1,61783,16,1,3226
6/27/16,Pear Reservoir,8,NA,NA,10:40,NA,6.45,5.83,15,10,6.51,52.2,4,4.5,0.003448276,NA,3226,one,Copeland,1,61783,16,1,3226
6/27/16,Pear Reservoir,9,NA,NA,10:42,7.014460355,6.45,5.69,15,9,6.02,48.1,4,NA,NA,NA,3226,one,Copeland,1,61783,16,1,3226
6/27/16,Pear Reservoir,10,NA,NA,10:43,NA,6.32,5.67,16,10,5.88,46.9,4,NA,NA,NA,3226,one,Copeland,1,61783,16,1,3226
6/27/16,Pear Reservoir,11,NA,NA,10:45,NA,6.25,5.64,15,10,5.77,45.9,4,NA,NA,NA,3226,one,Copeland,1,61783,16,1,3226
6/27/16,Pear Reservoir,12,NA,NA,10:47,NA,6.22,5.62,16,10,5.68,45.2,4,NA,NA,NA,3226,one,Copeland,1,61783,16,1,3226
6/27/16,Pear Reservoir,13,NA,NA,10:49,NA,6.21,5.55,20,13,4.88,38.9,4,NA,NA,NA,3226,one,Copeland,1,61783,16,1,3226
6/27/16,Pear Reservoir,14,NA,NA,10:51,NA,6.42,5.52,23,15,3.81,30.1,4,NA,NA,NA,3226,one,Copeland,1,61783,16,1,3226
6/27/16,Pear Reservoir,15,hypo,0,10:58,NA,6.51,5.5,37,23,0.45,3.5,4,NA,NA,NA,3226,one,Copeland,1,61783,16,1,3226
7/18/16,Pear Reservoir,0,sur,1,9:32,2.862792124,7.53,13.61,11,8,7.24,69.8,4,939.4,1,0.431232702,3226,two,Copeland,3,61783,16,1,3226
7/18/16,Pear Reservoir,1,NA,NA,9:33,NA,7.5,13.6,11,9,7.18,69.1,4,405.1,0.431232702,NA,3226,two,Copeland,3,61783,16,1,3226
7/18/16,Pear Reservoir,2,NA,NA,9:34,NA,7.46,13.58,12,10,7.18,69,4,287.7,0.306259314,NA,3226,two,Copeland,3,61783,16,1,3226
7/18/16,Pear Reservoir,3,NA,NA,9:36,NA,7.45,13.09,11,9,7.25,69.1,4,95.3,0.101447733,NA,3226,two,Copeland,3,61783,16,1,3226
7/18/16,Pear Reservoir,4,NA,NA,9:38,NA,7.49,12.59,12,9,7.43,70.2,4,91.09,0.096966149,NA,3226,two,Copeland,3,61783,16,1,3226
7/18/16,Pear Reservoir,5,NA,NA,9:40,NA,7.56,11.52,12,9,7.83,71.9,4,26.48,0.028188205,NA,3226,two,Copeland,3,61783,16,1,3226
7/18/16,Pear Reservoir,6,NA,NA,9:43,NA,7.76,9.37,13,9,9.33,81.3,4,14.11,0.015020226,NA,3226,two,Copeland,3,61783,16,1,3226
7/18/16,Pear Reservoir,7,NA,NA,9:45,NA,7.63,7.22,14,9,10,82.8,4,7.71,0.008207366,NA,3226,two,Copeland,3,61783,16,1,3226
7/18/16,Pear Reservoir,8,NA,NA,9:48,NA,6.84,6.34,15,9,7.99,64.8,4,2.59,0.002757079,NA,3226,two,Copeland,3,61783,16,1,3226
7/18/16,Pear Reservoir,9,NA,NA,9:52,NA,6.49,6,16,10,6.4,51.5,4,1.03,0.001096445,NA,3226,two,Copeland,3,61783,16,1,3226
7/18/16,Pear Reservoir,10,NA,NA,9:55,5.855711162,6.34,5.93,16,10,5.63,45.1,4,NA,NA,NA,3226,two,Copeland,3,61783,16,1,3226
7/18/16,Pear Reservoir,11,NA,NA,9:57,NA,6.29,5.82,16,10,5.13,41.1,4,NA,NA,NA,3226,two,Copeland,3,61783,16,1,3226
7/18/16,Pear Reservoir,12,NA,NA,9:59,NA,6.26,5.74,17,11,4.46,35.6,4,NA,NA,NA,3226,two,Copeland,3,61783,16,1,3226
7/18/16,Pear Reservoir,13,NA,NA,10:02,NA,6.21,5.68,17,11,3.76,30,4,NA,NA,NA,3226,two,Copeland,3,61783,16,1,3226
7/18/16,Pear Reservoir,14,NA,NA,10:04,NA,6.19,5.68,17,11,3.73,29.8,4,NA,NA,NA,3226,two,Copeland,3,61783,16,1,3226
7/18/16,Pear Reservoir,15,NA,NA,10:08,NA,6.16,5.62,18,11,2.8,22.3,4,NA,NA,NA,3226,two,Copeland,3,61783,16,1,3226
7/18/16,Pear Reservoir,16,hypo,0,10:15,NA,6.18,5.59,18,12,2.3,18.3,4,NA,NA,NA,3226,two,Copeland,3,61783,16,1,3226
8/11/16,Pear Reservoir,0,sur,1,8:31,23.27019308,7.41,13.13,12,9,5.54,52.6,3.5,750,1,0.733333333,3226,three,Copeland,5,61783,16,1,3226
8/11/16,Pear Reservoir,1,NA,NA,8:33,NA,7.4,13.13,13,10,5.7,54.2,3.5,550,0.733333333,NA,3226,three,Copeland,5,61783,16,1,3226
8/11/16,Pear Reservoir,2,NA,NA,8:35,NA,7.4,13.11,13,10,5.79,55,3.5,360,0.48,NA,3226,three,Copeland,5,61783,16,1,3226
8/11/16,Pear Reservoir,3,NA,NA,8:38,NA,7.38,13.1,12,9,5.89,56,3.5,230,0.306666667,NA,3226,three,Copeland,5,61783,16,1,3226
8/11/16,Pear Reservoir,4,NA,NA,8:40,NA,7.41,13.08,12,9,5.93,56.3,3.5,110,0.146666667,NA,3226,three,Copeland,5,61783,16,1,3226
8/11/16,Pear Reservoir,5,NA,NA,8:42,NA,7.39,13.08,12,9,5.96,56.6,3.5,77,0.102666667,NA,3226,three,Copeland,5,61783,16,1,3226
8/11/16,Pear Reservoir,6,NA,NA,8:44,NA,7.35,12.69,12,10,6.21,58.5,3.5,38,0.050666667,NA,3226,three,Copeland,5,61783,16,1,3226
8/11/16,Pear Reservoir,7,NA,NA,8:48,NA,7.16,9.49,14,10,7.41,65,3.5,12,0.016,NA,3226,three,Copeland,5,61783,16,1,3226
8/11/16,Pear Reservoir,8,NA,NA,8:50,NA,6.64,7.4,15,10,7.13,59.4,3.5,7,0.009333333,NA,3226,three,Copeland,5,61783,16,1,3226
8/11/16,Pear Reservoir,9,NA,NA,8:53,NA,6.34,6.76,16,11,6.15,50.4,3.5,2,0.002666667,NA,3226,three,Copeland,5,61783,16,1,3226
8/11/16,Pear Reservoir,10,NA,NA,8:56,20.20084867,6.17,6.2,17,11,5.08,41.2,3.5,NA,NA,NA,3226,three,Copeland,5,61783,16,1,3226
8/11/16,Pear Reservoir,11,NA,NA,8:59,NA,6.14,6.08,18,11,4.47,36.1,3.5,NA,NA,NA,3226,three,Copeland,5,61783,16,1,3226
8/11/16,Pear Reservoir,12,NA,NA,9:01,NA,6.06,5.87,19,12,3.23,26,3.5,NA,NA,NA,3226,three,Copeland,5,61783,16,1,3226
8/11/16,Pear Reservoir,13,NA,NA,9:03,NA,6.04,5.81,19,12,2.78,22.4,3.5,NA,NA,NA,3226,three,Copeland,5,61783,16,1,3226
8/11/16,Pear Reservoir,14,NA,NA,9:07,NA,6.03,5.8,19,12,2.38,19.1,3.5,NA,NA,NA,3226,three,Copeland,5,61783,16,1,3226
8/11/16,Pear Reservoir,15,hypo,0,9:08,NA,6.02,5.77,20,13,2.29,18.3,3.5,NA,NA,NA,3226,three,Copeland,5,61783,16,1,3226
6/28/16,Red Deer Lake,0,sur,1,9:33,6.041606754,7.28,10.11,13,9,7.73,68.8,4,1234,1,0.628038898,3163,one,Red,1,61923,20,1,3163
6/28/16,Red Deer Lake,1,NA,NA,9:35,NA,7,10.07,14,10,7.73,68.7,4,775,0.628038898,NA,3163,one,Red,1,61923,20,1,3163
6/28/16,Red Deer Lake,2,NA,NA,9:37,NA,NA,10.02,14,10,7.8,69.1,4,551.6,0.447001621,NA,3163,one,Red,1,61923,20,1,3163
6/28/16,Red Deer Lake,3,NA,NA,9:41,NA,7.3,7.23,13,9,8.93,74.3,4,337,0.273095624,NA,3163,one,Red,1,61923,20,1,3163
6/28/16,Red Deer Lake,4,NA,NA,9:44,NA,7,6.69,14,9,9.23,75.5,4,227,0.183954619,NA,3163,one,Red,1,61923,20,1,3163
6/28/16,Red Deer Lake,5,NA,NA,9:45,NA,NA,6.03,13,9,9.03,74.7,4,100.1,0.081118314,NA,3163,one,Red,1,61923,20,1,3163
6/28/16,Red Deer Lake,6,NA,NA,9:47,NA,7.83,5.51,14,9,9.3,73.8,4,34.2,0.027714749,NA,3163,one,Red,1,61923,20,1,3163
6/28/16,Red Deer Lake,7,NA,NA,9:49,NA,7.86,5.22,14,9,9.15,72.1,4,40.6,0.032901135,NA,3163,one,Red,1,61923,20,1,3163
6/28/16,Red Deer Lake,8,NA,NA,9:51,NA,7.79,5.03,14,9,8.92,69.9,4,24.8,0.020097245,NA,3163,one,Red,1,61923,20,1,3163
6/28/16,Red Deer Lake,9,NA,NA,9:54,1.803187247,7.6,4.84,14,9,8.7,67.9,4,13.6,0.01102107,NA,3163,one,Red,1,61923,20,1,3163
6/28/16,Red Deer Lake,10,NA,NA,9:56,NA,7.38,4.69,14,9,8.49,65.9,4,NA,NA,NA,3163,one,Red,1,61923,20,1,3163
6/28/16,Red Deer Lake,11,NA,NA,9:58,NA,7.18,4.6,15,9,8.48,65.7,4,NA,NA,NA,3163,one,Red,1,61923,20,1,3163
6/28/16,Red Deer Lake,12,NA,NA,10:00,NA,6.97,4.54,14,9,8.44,65.3,4,NA,NA,NA,3163,one,Red,1,61923,20,1,3163
6/28/16,Red Deer Lake,13,NA,NA,10:01,NA,6.89,4.41,15,9,8.33,64.3,4,NA,NA,NA,3163,one,Red,1,61923,20,1,3163
6/28/16,Red Deer Lake,14,NA,NA,10:02,NA,6.81,4.35,15,9,8.28,36.8,4,NA,NA,NA,3163,one,Red,1,61923,20,1,3163
6/28/16,Red Deer Lake,15,NA,NA,10:04,NA,6.74,4.24,15,9,8.13,62.5,4,NA,NA,NA,3163,one,Red,1,61923,20,1,3163
6/28/16,Red Deer Lake,16,NA,NA,10:06,NA,6.78,4.214,15,9,7.89,60.7,4,NA,NA,NA,3163,one,Red,1,61923,20,1,3163
6/28/16,Red Deer Lake,17,hypo,0,10:07,NA,6.67,4.2,15,9,7.85,60.2,4,NA,NA,NA,3163,one,Red,1,61923,20,1,3163
7/20/16,Red Deer Lake,0,sur,1,9:36,1.152552673,7.53,12.99,14,11,5.68,54,7.5,1401,1,0.613847252,3163,two,Red,3,61923,20,1,3163
7/20/16,Red Deer Lake,1,NA,NA,9:38,NA,7.51,12.88,13,10,5.58,52.8,7.5,860,0.613847252,NA,3163,two,Red,3,61923,20,1,3163
7/20/16,Red Deer Lake,2,NA,NA,9:41,NA,7.45,12.85,13,10,5.68,53.8,7.5,801,0.571734475,NA,3163,two,Red,3,61923,20,1,3163
7/20/16,Red Deer Lake,3,NA,NA,9:43,NA,7.42,12.61,14,11,5.8,54.5,7.5,530,0.378301213,NA,3163,two,Red,3,61923,20,1,3163
7/20/16,Red Deer Lake,4,NA,NA,9:46,NA,7.4,12.28,13,10,5.92,55.5,7.5,280,0.199857245,NA,3163,two,Red,3,61923,20,1,3163
7/20/16,Red Deer Lake,5,NA,NA,9:50,NA,7.46,10.46,14,10,6.62,59.3,7.5,220,0.157030692,NA,3163,two,Red,3,61923,20,1,3163
7/20/16,Red Deer Lake,6,NA,NA,9:56,NA,7.66,8.2,14,9,7.44,63.2,7.5,167,0.119200571,NA,3163,two,Red,3,61923,20,1,3163
7/20/16,Red Deer Lake,7,NA,NA,10:00,NA,7.82,6.96,14,9,7.91,65.1,7.5,141,0.100642398,NA,3163,two,Red,3,61923,20,1,3163
7/20/16,Red Deer Lake,8,NA,NA,10:03,NA,8.03,6.03,14,9,8.07,64.9,7.5,100,0.071377587,NA,3163,two,Red,3,61923,20,1,3163
7/20/16,Red Deer Lake,9,NA,NA,10:08,NA,7.9,5.65,14,9,8.06,64.2,7.5,47,0.033547466,NA,3163,two,Red,3,61923,20,1,3163
7/20/16,Red Deer Lake,10,NA,NA,10:10,1.189731792,7.92,5.32,14,9,7.97,62.9,7.5,NA,NA,NA,3163,two,Red,3,61923,20,1,3163
7/20/16,Red Deer Lake,11,NA,NA,10:12,NA,7.91,5.04,15,9,7.95,64.4,7.5,NA,NA,NA,3163,two,Red,3,61923,20,1,3163
7/20/16,Red Deer Lake,12,NA,NA,10:15,NA,7.39,4.88,15,9,7.8,60.8,7.5,NA,NA,NA,3163,two,Red,3,61923,20,1,3163
7/20/16,Red Deer Lake,13,NA,NA,10:18,NA,7.02,4.71,14,9,7.44,57.8,7.5,NA,NA,NA,3163,two,Red,3,61923,20,1,3163
7/20/16,Red Deer Lake,14,NA,NA,10:19,NA,6.92,4.57,14,9,7.19,55.8,7.5,NA,NA,NA,3163,two,Red,3,61923,20,1,3163
7/20/16,Red Deer Lake,15,NA,NA,10:21,NA,6.81,4.43,15,9,6.98,53.9,7.5,NA,NA,NA,3163,two,Red,3,61923,20,1,3163
7/20/16,Red Deer Lake,16,NA,NA,10:23,NA,6.68,4.37,15,9,6.68,51.6,7.5,NA,NA,NA,3163,two,Red,3,61923,20,1,3163
7/20/16,Red Deer Lake,17,NA,NA,10:26,NA,6.54,4.25,15,9,6.2,47.6,7.5,NA,NA,NA,3163,two,Red,3,61923,20,1,3163
7/20/16,Red Deer Lake,18,NA,NA,10:29,NA,6.44,4.2,15,9,5.69,43.7,7.5,NA,NA,NA,3163,two,Red,3,61923,20,1,3163
7/20/16,Red Deer Lake,19,hypo,0,10:32,NA,6.35,4.15,16,10,5.01,38.4,7.5,NA,NA,NA,3163,two,Red,3,61923,20,1,3163
8/3/16,Red Deer Lake,0,sur,1,8:40,4.4243151,7.7,13.69,13,10,5.22,50.2,4.5,888,1,0.675675676,3163,three,Red,5,61923,20,1,3163
8/3/16,Red Deer Lake,1,NA,NA,8:43,NA,7.74,13.64,14,11,5.34,51.4,4.5,600,0.675675676,NA,3163,three,Red,5,61923,20,1,3163
8/3/16,Red Deer Lake,2,NA,NA,8:45,NA,7.76,13.56,14,11,5.46,52.4,4.5,435,0.489864865,NA,3163,three,Red,5,61923,20,1,3163
8/3/16,Red Deer Lake,3,NA,NA,8:49,NA,7.75,13.53,14,11,5.56,53.3,4.5,280,0.315315315,NA,3163,three,Red,5,61923,20,1,3163
8/3/16,Red Deer Lake,4,NA,NA,8:51,NA,7.77,13.36,14,11,5.64,53.9,4.5,130,0.146396396,NA,3163,three,Red,5,61923,20,1,3163
8/3/16,Red Deer Lake,5,NA,NA,8:54,NA,7.91,12.19,14,11,6.11,56.9,4.5,128,0.144144144,NA,3163,three,Red,5,61923,20,1,3163
8/3/16,Red Deer Lake,6,NA,NA,8:59,NA,7.72,10.1,13,10,6.98,61.9,4.5,77,0.086711712,NA,3163,three,Red,5,61923,20,1,3163
8/3/16,Red Deer Lake,7,NA,NA,9:01,NA,7.65,8.9,14,9,7.4,63.5,4.5,63,0.070945946,NA,3163,three,Red,5,61923,20,1,3163
8/3/16,Red Deer Lake,8,NA,NA,9:05,NA,7.53,6.52,15,9,7.81,63.9,4.5,35,0.039414414,NA,3163,three,Red,5,61923,20,1,3163
8/3/16,Red Deer Lake,9,NA,NA,9:07,NA,7.49,6.11,13,9,7.92,64,4.5,33,0.037162162,NA,3163,three,Red,5,61923,20,1,3163
8/3/16,Red Deer Lake,10,NA,NA,9:11,NA,7.33,5.56,16,10,7.95,63.2,4.5,NA,NA,NA,3163,three,Red,5,61923,20,1,3163
8/3/16,Red Deer Lake,11,NA,NA,9:15,NA,7.26,5.35,14,9,8.01,63.3,4.5,NA,NA,NA,3163,three,Red,5,61923,20,1,3163
8/3/16,Red Deer Lake,12,NA,NA,9:18,NA,7.14,5.13,14,9,7.93,62.3,4.5,NA,NA,NA,3163,three,Red,5,61923,20,1,3163
8/3/16,Red Deer Lake,13,NA,NA,9:21,NA,6.93,4.96,14,9,7.71,60.3,4.5,NA,NA,NA,3163,three,Red,5,61923,20,1,3163
8/3/16,Red Deer Lake,14,NA,NA,9:23,NA,6.78,4.86,15,9,7.58,59.1,4.5,NA,NA,NA,3163,three,Red,5,61923,20,1,3163
8/3/16,Red Deer Lake,15,NA,NA,9:25,NA,6.63,4.72,15,9,7.4,57,4.5,NA,NA,NA,3163,three,Red,5,61923,20,1,3163
8/3/16,Red Deer Lake,16,NA,NA,9:26,NA,6.57,4.63,15,9,7.23,56.2,4.5,NA,NA,NA,3163,three,Red,5,61923,20,1,3163
8/3/16,Red Deer Lake,17,NA,NA,9:28,4.405725541,6.46,4.45,15,9,6.87,53.1,4.5,NA,NA,NA,3163,three,Red,5,61923,20,1,3163
8/3/16,Red Deer Lake,18,NA,NA,9:30,NA,6.33,4.4,16,10,6.57,50.6,4.5,NA,NA,NA,3163,three,Red,5,61923,20,1,3163
8/3/16,Red Deer Lake,19,hypo,0,9:32,NA,6.25,4.3,16,10,6.23,48.1,4.5,NA,NA,NA,3163,three,Red,5,61923,20,1,3163
5/31/16,Red Rock Lake,0,sur,1,9:09,3.389084908,7.32,10.57,37,27,6.38,57.3,1.8,1503,1,0.481636727,3163,one,Ground,1,25286,1.5,1,3200
5/31/16,Red Rock Lake,0.5,NA,NA,9:10,NA,7.3,10.57,36,26,6.26,56.4,1.8,723.9,0.481636727,NA,3163,one,Ground,1,25286,1.5,1,3200
5/31/16,Red Rock Lake,1,hypo,0,9:12,4.93432304,7.31,10.49,38,26,6.28,56.5,1.8,516.9,0.343912176,NA,3163,one,Ground,1,25286,1.5,1,3200
7/13/16,Snowbank Lake,0,sur,1,9:26,5.595457333,7.31,8.33,10,7,9.28,79,3.5,1192,1,0.790268456,3512,one,Cheifs Head,1,35060,7.5,0,3512
7/13/16,Snowbank Lake,1,NA,NA,9:29,NA,7.32,8.32,10,7,9.2,78.3,3.5,942,0.790268456,NA,3512,one,Cheifs Head,1,35060,7.5,0,3512
7/13/16,Snowbank Lake,2,NA,NA,9:32,NA,7.3,8.3,10,7,9.18,78.2,3.5,333.2,0.279530201,NA,3512,one,Cheifs Head,1,35060,7.5,0,3512
7/13/16,Snowbank Lake,3,NA,NA,9:34,NA,7.3,8.28,9,6,9.13,77.9,3.5,313.2,0.262751678,NA,3512,one,Cheifs Head,1,35060,7.5,0,3512
7/13/16,Snowbank Lake,4,NA,NA,9:39,NA,7.27,8.22,8,5,9.11,77.4,3.5,248.5,0.208473154,NA,3512,one,Cheifs Head,1,35060,7.5,0,3512
7/13/16,Snowbank Lake,5,NA,NA,9:42,NA,7.27,7.99,9,6,9.16,77.4,3.5,188.9,0.158473154,NA,3512,one,Cheifs Head,1,35060,7.5,0,3512
7/13/16,Snowbank Lake,6,NA,NA,9:43,3.69932229,7.25,7.88,9,6,9.24,77.8,3.5,105.7,0.088674497,NA,3512,one,Cheifs Head,1,35060,7.5,0,3512
7/13/16,Snowbank Lake,7,hypo,0,9:44,NA,7.25,7.82,9,6,9.26,77.9,3.5,67.43,0.056568792,NA,3512,one,Cheifs Head,1,35060,7.5,0,3512
7/27/16,Snowbank Lake,0,sur,1,11:23,4.317392652,7.38,11.44,10,8,5.67,52,4,1370,1,0.750364964,3512,two,Cheifs Head,3,35060,7.5,0,3512
7/27/16,Snowbank Lake,1,NA,NA,11:30,NA,7.25,11.12,10,7,5.71,51.9,4,1028,0.750364964,NA,3512,two,Cheifs Head,3,35060,7.5,0,3512
7/27/16,Snowbank Lake,2,NA,NA,11:32,NA,7.25,10.89,10,7,5.7,51.6,4,596,0.435036496,NA,3512,two,Cheifs Head,3,35060,7.5,0,3512
7/27/16,Snowbank Lake,3,NA,NA,11:34,NA,7.21,10.79,9,7,5.74,51.8,4,467,0.340875912,NA,3512,two,Cheifs Head,3,35060,7.5,0,3512
7/27/16,Snowbank Lake,4,NA,NA,11:37,NA,7.19,10.71,9,7,5.71,51.4,4,332.5,0.24270073,NA,3512,two,Cheifs Head,3,35060,7.5,0,3512
7/27/16,Snowbank Lake,5,NA,NA,11:38,NA,7.24,10.65,9,7,5.72,51.5,4,226.5,0.165328467,NA,3512,two,Cheifs Head,3,35060,7.5,0,3512
7/27/16,Snowbank Lake,6,NA,NA,11:40,5.497042406,7.21,10.51,10,7,5.75,51.5,4,126,0.091970803,NA,3512,two,Cheifs Head,3,35060,7.5,0,3512
7/27/16,Snowbank Lake,7,NA,NA,11:42,NA,7.17,10.53,9,7,5.71,51.3,4,125.8,0.091824818,NA,3512,two,Cheifs Head,3,35060,7.5,0,3512
7/27/16,Snowbank Lake,7.5,hypo,0,11:44,NA,7.05,10.55,10,7,5.67,50.8,4,107,0.07810219,NA,3512,two,Cheifs Head,3,35060,7.5,0,3512
8/10/16,Snowbank Lake,0,sur,1,9:16,2.068979325,7.29,11.12,9,7,6.13,55.6,6.5,1110,1,0.706306306,3512,three,Cheifs Head,5,35060,7.5,0,3512
8/10/16,Snowbank Lake,1,NA,NA,9:23,NA,7.17,11.11,10,7,6.46,58.7,6.5,784,0.706306306,NA,3512,three,Cheifs Head,5,35060,7.5,0,3512
8/10/16,Snowbank Lake,2,NA,NA,9:25,NA,7.12,11.11,10,8,6.51,59.2,6.5,623,0.561261261,NA,3512,three,Cheifs Head,5,35060,7.5,0,3512
8/10/16,Snowbank Lake,3,NA,NA,9:27,NA,7.08,11.08,11,8,6.59,59.7,6.5,392,0.353153153,NA,3512,three,Cheifs Head,5,35060,7.5,0,3512
8/10/16,Snowbank Lake,4,NA,NA,9:31,NA,7.04,11.08,11,8,6.63,60.3,6.5,234,0.210810811,NA,3512,three,Cheifs Head,5,35060,7.5,0,3512
8/10/16,Snowbank Lake,5,NA,NA,9:35,NA,7.03,11.1,10,8,6.73,61.2,6.5,230,0.207207207,NA,3512,three,Cheifs Head,5,35060,7.5,0,3512
8/10/16,Snowbank Lake,6,NA,NA,9:39,6.949315356,7.15,11.08,13,10,6.69,60.5,6.5,185,0.166666667,NA,3512,three,Cheifs Head,5,35060,7.5,0,3512
8/10/16,Snowbank Lake,7,hypo,0,9:41,NA,7.15,11.01,19,14,5.89,53.5,6.5,230,0.207207207,NA,3512,three,Cheifs Head,5,35060,7.5,0,3512
6/30/16,Upper Diamond Lake ,0,sur,1,10:35,0.415543162,7.3,5.09,27,17,8.15,64,3,450.5,1,0.512763596,3461,one,Diamond,1,6410,3,1,3460
6/30/16,Upper Diamond Lake ,1,NA,NA,10:38,NA,7.27,4.5,28,17,8.22,63.7,3,231,0.512763596,NA,3461,one,Diamond,1,6410,3,1,3460
6/30/16,Upper Diamond Lake ,2,NA,NA,10:40,NA,7.23,4.22,27,16,8.2,63.1,3,167.3,0.37136515,NA,3461,one,Diamond,1,6410,3,1,3460
6/30/16,Upper Diamond Lake ,3,hypo,0,10:42,0.967733942,7.21,4.06,27,16,8.26,63.1,3,139.5,0.309655938,NA,3461,one,Diamond,1,6410,3,1,3460
7/21/16,Upper Diamond Lake ,0,sur,1,9:56,1.022425758,7.32,8.75,30,21,6.37,54.7,3,1545,1,0.508090615,3461,two,Diamond,3,6410,3,1,3460
7/21/16,Upper Diamond Lake ,0.5,NA,NA,9:58,NA,7.3,8.62,31,22,6.32,54,3,785,0.508090615,NA,3461,two,Diamond,3,6410,3,1,3460
7/21/16,Upper Diamond Lake ,1,NA,NA,10:01,NA,7.28,8.24,29,20,6.34,53.9,3,278,0.179935275,NA,3461,two,Diamond,3,6410,3,1,3460
7/21/16,Upper Diamond Lake ,1.5,NA,NA,10:03,NA,7.24,7.52,30,20,6.46,53.9,3,215,0.139158576,NA,3461,two,Diamond,3,6410,3,1,3460
7/21/16,Upper Diamond Lake ,2,NA,NA,10:05,NA,7.21,7.22,31,21,6.48,53.6,3,229.6,0.148608414,NA,3461,two,Diamond,3,6410,3,1,3460
7/21/16,Upper Diamond Lake ,2.5,NA,NA,10:07,NA,7.21,6.85,31,20,6.53,53.6,3,269,0.174110032,NA,3461,two,Diamond,3,6410,3,1,3460
7/21/16,Upper Diamond Lake ,3,NA,NA,10:09,3.160225072,7.61,6.31,32,21,6.62,53.9,3,237.5,0.153721683,NA,3461,two,Diamond,3,6410,3,1,3460
7/21/16,Upper Diamond Lake ,3.5,hypo,0,10:11,NA,7.14,6.39,33,22,6.63,53.8,3,185,0.1197411,NA,3461,two,Diamond,3,6410,3,1,3460
8/1/16,Upper Diamond Lake ,0,sur,1,9:03,4.01900802,7.59,9.7,35,25,5.2,45.7,3.5,NA,NA,NA,3461,three,Diamond,5,6410,3,1,3460
8/1/16,Upper Diamond Lake ,0.5,NA,NA,9:05,NA,7.56,9.68,37,26,5.24,46,3.5,NA,NA,NA,3461,three,Diamond,5,6410,3,1,3460
8/1/16,Upper Diamond Lake ,1,NA,NA,9:07,NA,7.55,9.69,36,26,5.29,46.5,3.5,NA,NA,NA,3461,three,Diamond,5,6410,3,1,3460
8/1/16,Upper Diamond Lake ,1.5,NA,NA,9:08,NA,7.52,9.66,36,26,5.29,46.5,3.5,NA,NA,NA,3461,three,Diamond,5,6410,3,1,3460
8/1/16,Upper Diamond Lake ,2,NA,NA,9:10,NA,7.5,9.66,37,26,5.35,47,3.5,NA,NA,NA,3461,three,Diamond,5,6410,3,1,3460
8/1/16,Upper Diamond Lake ,2.5,NA,NA,9:11,8.255532165,7.49,9.64,37,26,5.38,47.2,3.5,NA,NA,NA,3461,three,Diamond,5,6410,3,1,3460
8/1/16,Upper Diamond Lake ,3,NA,NA,9:13,NA,7.43,9.4,36,25,5.5,47.9,3.5,NA,NA,NA,3461,three,Diamond,5,6410,3,1,3460
8/1/16,Upper Diamond Lake ,3.5,hypo,0,9:15,NA,7.43,8.97,36,25,5.6,48.5,3.5,NA,NA,NA,3461,three,Diamond,5,6410,3,1,3460
7/5/16,Yankee Doodle ,0,sur,1,12:08,2.082030635,7.23,9.36,15,10,7.63,67.5,3,500,1,0.4,3463,one,Yankee,3,16072,7.5,1,3267
7/5/16,Yankee Doodle ,1,NA,NA,12:09,NA,7.25,9.94,13,9,7.38,68,3,200,0.4,NA,3463,one,Yankee,3,16072,7.5,1,3267
7/5/16,Yankee Doodle ,2,NA,NA,12:11,NA,7.28,8.68,16,11,8.34,71.7,3,136,0.272,NA,3463,one,Yankee,3,16072,7.5,1,3267
7/5/16,Yankee Doodle ,3,NA,NA,12:14,NA,7.19,7.88,16,10,8.25,69.5,3,87,0.174,NA,3463,one,Yankee,3,16072,7.5,1,3267
7/5/16,Yankee Doodle ,4,NA,NA,12:16,10.63322789,6.99,7.14,16,10,8,66.6,3,39,0.078,NA,3463,one,Yankee,3,16072,7.5,1,3267
7/5/16,Yankee Doodle ,5,hypo,0,12:18,NA,6.68,6.96,18,12,7.147,59.2,3,0.73,0.00146,NA,3463,one,Yankee,3,16072,7.5,1,3267
7/29/16,Yankee Doodle ,0,sur,1,11:04,7.565349694,7.27,14.92,14,11,4.95,49,3,1344,1,0.782738095,3463,two,Yankee,5,16072,7.5,1,3267
7/29/16,Yankee Doodle ,1,NA,NA,11:06,NA,7.31,14.63,14,11,4.94,48.6,3,1052,0.782738095,NA,3463,two,Yankee,5,16072,7.5,1,3267
7/29/16,Yankee Doodle ,2,NA,NA,11:08,NA,7.25,14.43,14,11,4.97,48.7,3,813,0.604910714,NA,3463,two,Yankee,5,16072,7.5,1,3267
7/29/16,Yankee Doodle ,3,NA,NA,11:09,NA,7.25,14.12,13,11,4.97,48.3,3,450,0.334821429,NA,3463,two,Yankee,5,16072,7.5,1,3267
7/29/16,Yankee Doodle ,4,NA,NA,11:11,NA,7.19,13.49,14,11,5.07,48.6,3,333,0.247767857,NA,3463,two,Yankee,5,16072,7.5,1,3267
7/29/16,Yankee Doodle ,5,NA,NA,11:13,NA,7.12,13.13,14,11,5.03,48,3,194,0.144345238,NA,3463,two,Yankee,5,16072,7.5,1,3267
7/29/16,Yankee Doodle ,6,NA,NA,11:20,6.426694225,6.36,10.74,20,14,3.35,30.2,3,143,0.10639881,NA,3463,two,Yankee,5,16072,7.5,1,3267
7/29/16,Yankee Doodle ,7,hypo,0,11:24,NA,6.28,9.84,20,16,2.17,11.2,3,64,0.047619048,NA,3463,two,Yankee,5,16072,7.5,1,3267
6/23/16,Albion,0,sur,1,10:16,15.63,7.17,9.44,10,15,9.78,85.6,5,259,1,0.598455598,3345,one,GLV,1,129743.89,15,1,3345
6/23/16,Albion,1,NA,NA,10:18,NA,7.23,9.44,10,15,9.75,85.3,5,155,0.598455598,NA,3345,one,GLV,1,129743.89,15,1,3345
6/23/16,Albion,2,NA,NA,10:20,NA,7.24,9.44,10,15,9.75,85.1,5,110,0.424710425,NA,3345,one,GLV,1,129743.89,15,1,3345
6/23/16,Albion,3,NA,NA,10:21,17.64,7.23,9.42,10,14,9.78,85.4,5,69,0.266409266,NA,3345,one,GLV,1,129743.89,15,1,3345
6/23/16,Albion,4,NA,NA,10:23,NA,0.24,9.42,10,14,9.73,84.9,5,43,0.166023166,NA,3345,one,GLV,1,129743.89,15,1,3345
6/23/16,Albion,5,NA,NA,10:24,NA,7.14,9.4,10,15,9.74,85.2,5,25,0.096525097,NA,3345,one,GLV,1,129743.89,15,1,3345
6/23/16,Albion,6,NA,NA,10:25,NA,7.14,9.39,10,14,9.72,85,5,16,0.061776062,NA,3345,one,GLV,1,129743.89,15,1,3345
6/23/16,Albion,7,NA,NA,10:26,NA,7.01,8.98,10,14,9.81,84.7,5,10,0.038610039,NA,3345,one,GLV,1,129743.89,15,1,3345
6/23/16,Albion,8.5,NA,NA,10:27,10.86,6.77,7.59,10,14,9.76,81.8,5,6,0.023166023,NA,3345,one,GLV,1,129743.89,15,1,3345
6/23/16,Albion,9,NA,NA,10:29,NA,6.64,7.42,10,15,9.73,81.1,5,4,0.015444015,NA,3345,one,GLV,1,129743.89,15,1,3345
6/23/16,Albion,10,NA,NA,10:30,NA,6.52,7.23,10,15,9.45,78.5,5,2,0.007722008,NA,3345,one,GLV,1,129743.89,15,1,3345
6/23/16,Albion,11,NA,NA,10:31,NA,6.36,7.16,10,15,9.33,77.2,5,NA,NA,NA,3345,one,GLV,1,129743.89,15,1,3345
6/23/16,Albion,12,NA,NA,10:33,NA,6.26,7.05,10,15,9.09,75.1,5,NA,NA,NA,3345,one,GLV,1,129743.89,15,1,3345
6/23/16,Albion,13,hypo,0,10:34,NA,6.28,7,10,15,8.39,69,5,NA,NA,NA,3345,one,GLV,1,129743.89,15,1,3345
7/14/16,Albion,0,sur,1,9:45,17.4,7.79,11.94,10,14,9.27,85.8,3.75,1133,1,0.485436893,3345,two,GLV,2,129743.89,15,1,3345
7/14/16,Albion,1,NA,NA,9:47,NA,7.77,11.96,11,14,9.35,86.7,3.75,550,0.485436893,NA,3345,two,GLV,2,129743.89,15,1,3345
7/14/16,Albion,2,NA,NA,9:48,NA,7.77,11.93,11,14,9.69,89.8,3.75,531,0.468667255,NA,3345,two,GLV,2,129743.89,15,1,3345
7/14/16,Albion,3,NA,NA,9:51,8.33,7.78,11.77,10,14,9.73,89.9,3.75,350,0.308914387,NA,3345,two,GLV,2,129743.89,15,1,3345
7/14/16,Albion,4,NA,NA,9:52,NA,7.76,11.73,10,13,9.68,89.3,3.75,175,0.154457193,NA,3345,two,GLV,2,129743.89,15,1,3345
7/14/16,Albion,5,NA,NA,9:54,NA,7.68,11.53,10,13,9.7,89.2,3.75,138,0.12180053,NA,3345,two,GLV,2,129743.89,15,1,3345
7/14/16,Albion,6,NA,NA,9:56,NA,7.54,11.31,10,14,8.76,80.5,3.75,91.5,0.080759047,NA,3345,two,GLV,2,129743.89,15,1,3345
7/14/16,Albion,7,NA,NA,9:58,NA,7.48,10.83,10,13,8.92,80.7,3.75,25.8,0.022771403,NA,3345,two,GLV,2,129743.89,15,1,3345
7/14/16,Albion,8,NA,NA,10:00,NA,7.38,10.21,10,13,9.2,82.1,3.75,33.8,0.029832304,NA,3345,two,GLV,2,129743.89,15,1,3345
7/14/16,Albion,9,NA,NA,10:03,NA,7.11,9.82,10,14,8.85,78.2,3.75,20.8,0.018358341,NA,3345,two,GLV,2,129743.89,15,1,3345
7/14/16,Albion,10,NA,NA,10:05,NA,6.82,9.67,10,14,9.96,87.7,3.75,12.5,0.011032657,NA,3345,two,GLV,2,129743.89,15,1,3345
7/14/16,Albion,11,NA,NA,10:10,NA,6.88,9.41,10,14,NA,NA,3.75,NA,NA,NA,3345,two,GLV,2,129743.89,15,1,3345
7/14/16,Albion,12,NA,NA,10:18,22.38,6.85,8.95,10,14,NA,NA,3.75,NA,NA,NA,3345,two,GLV,2,129743.89,15,1,3345
7/14/16,Albion,13,hypo,0,10:24,NA,6.31,8.66,10,14,NA,NA,3.75,NA,NA,NA,3345,two,GLV,2,129743.89,15,1,3345
7/28/16,Albion,0,sur,1,8:37,6.71,8.05,13.06,11,14,5.63,53.6,4,1000,1,0.551,3345,three,GLV,3,129743.89,15,1,3345
7/28/16,Albion,1,NA,NA,8:40,NA,8.02,13.07,10,13,5.5,52.3,4,551,0.551,NA,3345,three,GLV,3,129743.89,15,1,3345
7/28/16,Albion,2,NA,NA,8:41,NA,7.98,12.94,11,14,5.51,52.4,4,310,0.31,NA,3345,three,GLV,3,129743.89,15,1,3345
7/28/16,Albion,3,NA,NA,8:42,5.43,7.97,12.83,11,14,5.52,52.3,4,245,0.245,NA,3345,three,GLV,3,129743.89,15,1,3345
7/28/16,Albion,4,NA,NA,8:44,NA,7.92,12.78,11,14,5.47,51.7,4,110,0.11,NA,3345,three,GLV,3,129743.89,15,1,3345
7/28/16,Albion,5,NA,NA,8:46,NA,7.88,12.73,10,14,5.45,51.6,4,84,0.084,NA,3345,three,GLV,3,129743.89,15,1,3345
7/28/16,Albion,6,NA,NA,8:47,NA,7.76,12.51,11,14,5.43,51,4,46,0.046,NA,3345,three,GLV,3,129743.89,15,1,3345
7/28/16,Albion,7,NA,NA,8:50,NA,7.53,12.42,10,13,5.34,50.2,4,31.5,0.0315,NA,3345,three,GLV,3,129743.89,15,1,3345
7/28/16,Albion,8,NA,NA,8:52,NA,7.34,42.4,10,14,5.36,50.2,4,22.5,0.0225,NA,3345,three,GLV,3,129743.89,15,1,3345
7/28/16,Albion,9,NA,NA,8:56,NA,6.96,12.1,10,13,5.17,48.1,4,17.3,0.0173,NA,3345,three,GLV,3,129743.89,15,1,3345
7/28/16,Albion,10,NA,NA,8:57,NA,6.25,10.66,10,14,4.47,39.5,4,9.8,0.0098,NA,3345,three,GLV,3,129743.89,15,1,3345
7/28/16,Albion,11,NA,NA,9:00,NA,5.91,9.84,10,14,3.52,31.1,4,NA,NA,NA,3345,three,GLV,3,129743.89,15,1,3345
7/28/16,Albion,12,NA,NA,9:02,5.22,5.73,9.22,10,15,3.01,26.3,4,NA,NA,NA,3345,three,GLV,3,129743.89,15,1,3345
7/28/16,Albion,13,hypo,0,9:04,NA,5.58,9.02,11,15,2.64,22.8,4,NA,NA,NA,3345,three,GLV,3,129743.89,15,1,3345
8/11/16,Albion,0,sur,1,8:15,7.18,6.94,11.96,10,13,5.29,49,2.75,600,1,0.608333333,3345,four,GLV,5,129743.89,15,1,3345
8/11/16,Albion,1,NA,NA,8:21,NA,7.03,11.97,10,13,5.26,48.8,2.75,365,0.608333333,NA,3345,four,GLV,5,129743.89,15,1,3345
8/11/16,Albion,2,NA,NA,8:24,NA,7.06,11.97,10,14,5.24,48.2,2.75,650,1.083333333,NA,3345,four,GLV,5,129743.89,15,1,3345
8/11/16,Albion,3,NA,NA,8:30,7.88,7.11,11.95,10,14,5.15,47.7,2.75,210,0.35,NA,3345,four,GLV,5,129743.89,15,1,3345
8/11/16,Albion,4,NA,NA,8:39,NA,7.15,11.94,11,14,5.14,47.6,2.75,114,0.19,NA,3345,four,GLV,5,129743.89,15,1,3345
8/11/16,Albion,5,NA,NA,8:41,NA,6.9,11.95,11,14,5.11,47.4,2.75,80,0.133333333,NA,3345,four,GLV,5,129743.89,15,1,3345
8/11/16,Albion,6,NA,NA,8:44,NA,6.82,11.93,10,14,5.03,46.6,2.75,48.1,0.080166667,NA,3345,four,GLV,5,129743.89,15,1,3345
8/11/16,Albion,7,NA,NA,8:46,NA,6.86,11.92,11,14,4.98,46.1,2.75,27,0.045,NA,3345,four,GLV,5,129743.89,15,1,3345
8/11/16,Albion,8,NA,NA,8:49,NA,6.84,11.92,10,14,4.97,45.9,2.75,19.1,0.031833333,NA,3345,four,GLV,5,129743.89,15,1,3345
8/11/16,Albion,9,NA,NA,8:52,NA,6.8,11.9,10,14,4.89,45.3,2.75,11.2,0.018666667,NA,3345,four,GLV,5,129743.89,15,1,3345
8/11/16,Albion,10,NA,NA,8:55,NA,6.69,11.78,10,14,4.7,43.4,2.75,7.1,0.011833333,NA,3345,four,GLV,5,129743.89,15,1,3345
8/11/16,Albion,11,NA,NA,8:57,NA,6.62,11.66,10,14,4.57,42,2.75,NA,NA,NA,3345,four,GLV,5,129743.89,15,1,3345
8/11/16,Albion,12,NA,NA,8:59,2.17,6.28,11.06,10,14,3.68,34.7,2.75,NA,NA,NA,3345,four,GLV,5,129743.89,15,1,3345
8/11/16,Albion,13,hypo,0,9:02,NA,5.79,9.3,11,16,0.88,7.8,2.75,NA,NA,NA,3345,four,GLV,5,129743.89,15,1,3345
7/7/16,GL1,0,sur,1,8:34,5.15,7.51,10.09,22,31,5.16,45.7,4.5,1041,1,0.538904899,3425,one,GLV,1,35443.71,8,1,3425
7/7/16,GL1,1,NA,NA,8:37,NA,7.17,10.05,21,29,5.12,45.4,4.5,561,0.538904899,NA,3425,one,GLV,1,35443.71,8,1,3425
7/7/16,GL1,2,NA,NA,8:41,NA,7.05,9.99,22,30,5.01,44.4,4.5,465,0.446685879,NA,3425,one,GLV,1,35443.71,8,1,3425
7/7/16,GL1,3,NA,NA,8:43,6.04,6.91,9.98,22,31,5.12,45.3,4.5,278,0.267050913,NA,3425,one,GLV,1,35443.71,8,1,3425
7/7/16,GL1,4,NA,NA,8:45,NA,7.45,9.98,22,30,5.11,45,4.5,190.2,0.182708934,NA,3425,one,GLV,1,35443.71,8,1,3425
7/7/16,GL1,5,NA,NA,8:53,NA,7.03,9.74,22,31,5.13,45.2,4.5,142.5,0.136887608,NA,3425,one,GLV,1,35443.71,8,1,3425
7/7/16,GL1,6,NA,NA,8:57,13.77,6.95,9.12,21,30,9.19,79.7,4.5,96,0.09221902,NA,3425,one,GLV,1,35443.71,8,1,3425
7/7/16,GL1,7,NA,NA,9:00,NA,6.24,8.18,26,38,10.32,87,4.5,0.06,5.76E-05,NA,3425,one,GLV,1,35443.71,8,1,3425
7/7/16,GL1,8,hypo,0,9:04,NA,6.32,8.09,26,39,9.02,75.7,4.5,0.003,2.88E-06,NA,3425,one,GLV,1,35443.71,8,1,3425
7/21/16,GL1,0,sur,1,8:40,2.31,7.12,12.76,23,30,5.88,55.8,7,945,1,0.761904762,3425,two,GLV,3,35443.71,8,1,3425
7/21/16,GL1,1,NA,NA,8:45,NA,7.26,12.73,23,30,6.35,60.1,7,720,0.761904762,NA,3425,two,GLV,3,35443.71,8,1,3425
7/21/16,GL1,2,NA,NA,8:46,NA,7.18,12.69,23,31,5.72,53.9,7,361,0.382010582,NA,3425,two,GLV,3,35443.71,8,1,3425
7/21/16,GL1,3,NA,NA,8:49,1.21,7.17,12.69,23,30,6.55,61.8,7,491,0.51957672,NA,3425,two,GLV,3,35443.71,8,1,3425
7/21/16,GL1,4,NA,NA,8:51,NA,7.17,12.64,23,30,8.51,80,7,271,0.286772487,NA,3425,two,GLV,3,35443.71,8,1,3425
7/21/16,GL1,5,NA,NA,8:52,NA,7.24,12.48,23,30,7.02,66,7,179,0.189417989,NA,3425,two,GLV,3,35443.71,8,1,3425
7/21/16,GL1,6,NA,NA,8:55,10.19,7.27,11.75,23,31,8.93,82.3,7,41,0.043386243,NA,3425,two,GLV,3,35443.71,8,1,3425
7/21/16,GL1,7,NA,NA,8:56,NA,7.01,10.39,22,30,NA,NA,7,60,0.063492063,NA,3425,two,GLV,3,35443.71,8,1,3425
7/21/16,GL1,8,hypo,0,8:58,NA,6.95,10.12,25,35,NA,NA,7,0.01,1.06E-05,NA,3425,two,GLV,3,35443.71,8,1,3425
8/4/16,GL1,0,sur,1,8:24,1.51,7.93,13.58,24,31,5.03,48,4.5,678,1,0.612094395,3425,three,GLV,3,35443.71,8,1,3425
8/4/16,GL1,1,NA,NA,8:32,NA,8,13.58,24,30,5,48.1,4.5,415,0.612094395,NA,3425,three,GLV,3,35443.71,8,1,3425
8/4/16,GL1,2,NA,NA,8:34,NA,7.99,13.56,24,30,5.03,48.3,4.5,245,0.361356932,NA,3425,three,GLV,3,35443.71,8,1,3425
8/4/16,GL1,3,NA,NA,8:36,1.67,7.98,13.53,24,31,4.99,47.6,4.5,200,0.294985251,NA,3425,three,GLV,3,35443.71,8,1,3425
8/4/16,GL1,4,NA,NA,8:38,NA,7.97,13.51,23,30,5.08,48.7,4.5,148,0.218289086,NA,3425,three,GLV,3,35443.71,8,1,3425
8/4/16,GL1,5,NA,NA,8:41,NA,7.95,13.51,24,31,4.98,47.6,4.5,115,0.169616519,NA,3425,three,GLV,3,35443.71,8,1,3425
8/4/16,GL1,6,NA,NA,8:42,2.12,7.91,13.31,24,31,5.04,48,4.5,89,0.131268437,NA,3425,three,GLV,3,35443.71,8,1,3425
8/4/16,GL1,7,NA,NA,8:44,NA,7.81,13.13,24,31,4.91,46.9,4.5,63,0.092920354,NA,3425,three,GLV,3,35443.71,8,1,3425
8/4/16,GL1,8,hypo,0,8:46,NA,7.58,12.01,23,31,6.68,43.2,4.5,43,0.063421829,NA,3425,three,GLV,3,35443.71,8,1,3425
8/18/16,GL1,0,sur,1,9:23,5.6,8.52,12.56,23,30,6.48,60.8,4,845,1,0.74556213,3425,four,GLV,5,35443.71,8,1,3425
8/18/16,GL1,1,NA,NA,9:27,NA,8.54,12.53,23,30,6.54,61.6,4,630,0.74556213,NA,3425,four,GLV,5,35443.71,8,1,3425
8/18/16,GL1,2,NA,NA,9:29,NA,8.4,12.5,23,30,5.58,61.9,4,350,0.414201183,NA,3425,four,GLV,5,35443.71,8,1,3425
8/18/16,GL1,3,NA,NA,9:31,2.44,8.41,12.49,23,30,6.48,60.9,4,173,0.204733728,NA,3425,four,GLV,5,35443.71,8,1,3425
8/18/16,GL1,4,NA,NA,9:33,NA,8.27,12.46,24,31,6.28,58.8,4,125,0.147928994,NA,3425,four,GLV,5,35443.71,8,1,3425
8/18/16,GL1,5,NA,NA,9:35,NA,8.11,12.41,24,31,6.22,58.1,4,84,0.099408284,NA,3425,four,GLV,5,35443.71,8,1,3425
8/18/16,GL1,6,NA,NA,9:37,1.15,7.75,12,23,31,5.76,53,4,47,0.055621302,NA,3425,four,GLV,5,35443.71,8,1,3425
8/18/16,GL1,7,NA,NA,9:39,NA,7.3,11.71,25,33,5.44,49.9,4,34,0.040236686,NA,3425,four,GLV,5,35443.71,8,1,3425
8/18/16,GL1,8,hypo,0,9:41,NA,6.89,11.66,27,38,2.56,21.7,4,30,0.035502959,NA,3425,four,GLV,5,35443.71,8,1,3425
7/19/16,GL4,0,sur,1,10:04,5.24,6.73,10.39,5,8,7.29,64.3,3.25,1106,1,0.75045208,3550,one,GLV,1,45191.79,13,0,3550
7/19/16,GL4,1,NA,NA,10:06,NA,6.63,10.39,6,8,6.81,61,3.25,830,0.75045208,NA,3550,one,GLV,1,45191.79,13,0,3550
7/19/16,GL4,2,NA,NA,10:10,NA,6.45,10.34,6,9,6.91,61.7,3.25,456,0.412296564,NA,3550,one,GLV,1,45191.79,13,0,3550
7/19/16,GL4,3,NA,NA,10:14,6.3,6.63,10.25,5,7,6.67,59.6,3.25,300,0.27124774,NA,3550,one,GLV,1,45191.79,13,0,3550
7/19/16,GL4,4,NA,NA,10:18,NA,6.14,10,6,8,6.71,59.5,3.25,226,0.204339964,NA,3550,one,GLV,1,45191.79,13,0,3550
7/19/16,GL4,5,NA,NA,10:22,NA,5.96,9.88,5,8,6.65,58.2,3.25,113,0.102169982,NA,3550,one,GLV,1,45191.79,13,0,3550
7/19/16,GL4,6,NA,NA,10:28,NA,6.73,9.54,5,7,NA,NA,3.25,121,0.109403255,NA,3550,one,GLV,1,45191.79,13,0,3550
7/19/16,GL4,7,NA,NA,10:31,NA,6.52,9.34,5,8,NA,NA,3.25,26,0.023508137,NA,3550,one,GLV,1,45191.79,13,0,3550
7/19/16,GL4,8,NA,NA,10:35,NA,5.86,8.22,5,8,NA,NA,3.25,19,0.017179024,NA,3550,one,GLV,1,45191.79,13,0,3550
7/19/16,GL4,9,NA,NA,10:39,15.91,5.49,7.5,6,8,NA,NA,3.25,NA,NA,NA,3550,one,GLV,1,45191.79,13,0,3550
7/19/16,GL4,10,NA,NA,10:44,NA,5.24,6.54,6,9,NA,NA,3.25,NA,NA,NA,3550,one,GLV,1,45191.79,13,0,3550
7/19/16,GL4,11,NA,NA,10:46,NA,4.87,6.33,6,9,NA,NA,3.25,NA,NA,NA,3550,one,GLV,1,45191.79,13,0,3550
7/19/16,GL4,12,NA,NA,10:48,NA,4.55,6.28,6,9,NA,NA,3.25,NA,NA,NA,3550,one,GLV,1,45191.79,13,0,3550
7/19/16,GL4,13,hypo,0,10:50,NA,4.4,6.21,6,9,NA,NA,3.25,NA,NA,NA,3550,one,GLV,1,45191.79,13,0,3550
7/26/16,GL4,0,sur,1,9:19,12.01,8,11.15,6,8,5.35,48.8,2.25,857,1,0.515752625,3550,two,GLV,2,45191.79,13,0,3550
7/26/16,GL4,1,NA,NA,9:52,NA,6.99,11.16,6,9,5.22,47.4,2.25,442,0.515752625,NA,3550,two,GLV,2,45191.79,13,0,3550
7/26/16,GL4,2,NA,NA,10:04,NA,6.99,11.17,6,8,7.83,71.4,2.25,380,0.443407235,NA,3550,two,GLV,2,45191.79,13,0,3550
7/26/16,GL4,3,NA,NA,10:12,10.54,6.76,11.17,6,8,8.05,73.1,2.25,238,0.277712952,NA,3550,two,GLV,2,45191.79,13,0,3550
7/26/16,GL4,4,NA,NA,10:16,NA,6.49,10.99,6,8,8.51,77.2,2.25,158,0.184364061,NA,3550,two,GLV,2,45191.79,13,0,3550
7/26/16,GL4,5,NA,NA,10:19,NA,6.65,10.96,6,8,7.89,71.4,2.25,110.1,0.128471412,NA,3550,two,GLV,2,45191.79,13,0,3550
7/26/16,GL4,6,NA,NA,10:21,NA,6.02,10.55,6,8,8.33,74.7,2.25,65.73,0.076697783,NA,3550,two,GLV,2,45191.79,13,0,3550
7/26/16,GL4,7,NA,NA,10:23,NA,6.01,10.5,5,8,8.45,75.8,2.25,51.18,0.059719953,NA,3550,two,GLV,2,45191.79,13,0,3550
7/26/16,GL4,8,NA,NA,10:26,NA,5.68,10.07,6,8,8.88,78.9,2.25,37.17,0.043372229,NA,3550,two,GLV,2,45191.79,13,0,3550
7/26/16,GL4,9,NA,NA,10:29,13.09,5.45,9.43,6,8,NA,NA,2.25,22.5,0.026254376,NA,3550,two,GLV,2,45191.79,13,0,3550
7/26/16,GL4,10,NA,NA,10:32,NA,4.95,7.74,6,9,NA,NA,2.25,14.3,0.016686114,NA,3550,two,GLV,2,45191.79,13,0,3550
7/26/16,GL4,11,NA,NA,10:35,NA,4.34,6.55,6,9,NA,NA,2.25,NA,NA,NA,3550,two,GLV,2,45191.79,13,0,3550
7/26/16,GL4,12,NA,NA,10:37,NA,4.03,6.47,6,9,NA,NA,2.25,NA,NA,NA,3550,two,GLV,2,45191.79,13,0,3550
7/26/16,GL4,13,hypo,0,10:38,NA,3.95,6.45,6,9,NA,NA,2.25,NA,NA,NA,3550,two,GLV,2,45191.79,13,0,3550
8/2/16,GL4,0,sur,1,9:22,2.38,8.8,11.76,6,8,5.37,50,2.25,740,1,0.597297297,3550,three,GLV,3,45191.79,13,0,3550
8/2/16,GL4,1,NA,NA,9:24,NA,8.7,11.67,6,8,5.32,49,2.25,442,0.597297297,NA,3550,three,GLV,3,45191.79,13,0,3550
8/2/16,GL4,2,NA,NA,9:26,NA,8.44,11.6,6,8,5.38,49.4,2.25,281,0.37972973,NA,3550,three,GLV,3,45191.79,13,0,3550
8/2/16,GL4,3,NA,NA,9:28,3.89,8.06,11.48,6,8,5.44,50.4,2.25,145,0.195945946,NA,3550,three,GLV,3,45191.79,13,0,3550
8/2/16,GL4,4,NA,NA,9:30,NA,7.69,11.27,6,8,5.34,48.8,2.25,105,0.141891892,NA,3550,three,GLV,3,45191.79,13,0,3550
8/2/16,GL4,5,NA,NA,9:32,NA,7.3,11.16,6,8,5.21,47.6,2.25,77,0.104054054,NA,3550,three,GLV,3,45191.79,13,0,3550
8/2/16,GL4,6,NA,NA,9:34,NA,7,11.1,6,8,5.08,46.2,2.25,55,0.074324324,NA,3550,three,GLV,3,45191.79,13,0,3550
8/2/16,GL4,7,NA,NA,9:36,NA,6.14,10.96,6,8,5.01,45.4,2.25,27,0.036486486,NA,3550,three,GLV,3,45191.79,13,0,3550
8/2/16,GL4,8,NA,NA,9:38,NA,5.47,10.83,6,8,5.04,45.5,2.25,19,0.025675676,NA,3550,three,GLV,3,45191.79,13,0,3550
8/2/16,GL4,9,NA,NA,9:40,6.58,5.34,10.67,6,8,5.03,45.2,2.25,15,0.02027027,NA,3550,three,GLV,3,45191.79,13,0,3550
8/2/16,GL4,10,NA,NA,9:43,NA,4.62,9.68,6,8,4.97,43.8,2.25,10,0.013513514,NA,3550,three,GLV,3,45191.79,13,0,3550
8/2/16,GL4,11,NA,NA,9:47,NA,3.06,6.89,6,9,4.26,34.8,2.25,NA,NA,NA,3550,three,GLV,3,45191.79,13,0,3550
8/2/16,GL4,12,NA,NA,9:49,NA,NA,6.71,6,9,3.94,32.2,2.25,NA,NA,NA,3550,three,GLV,3,45191.79,13,0,3550
8/2/16,GL4,13,hypo,0,9:57,NA,4.1,6.64,6,9,3.6,29.6,2.25,NA,NA,NA,3550,three,GLV,3,45191.79,13,0,3550
8/9/16,GL4,0,sur,1,9:24,1.54,6.73,10.92,6,8,5.46,49.5,3.5,1225,1,0.904489796,3550,four,GLV,4,45191.79,13,0,3550
8/9/16,GL4,1,NA,NA,9:26,NA,6.22,10.92,6,8,5.43,49.3,3.5,1108,0.904489796,NA,3550,four,GLV,4,45191.79,13,0,3550
8/9/16,GL4,2,NA,NA,9:28,NA,5.66,10.89,6,8,5.37,48.8,3.5,718,0.586122449,NA,3550,four,GLV,4,45191.79,13,0,3550
8/9/16,GL4,3,NA,NA,9:30,0.37,5.75,10.75,6,8,5.37,48.4,3.5,445,0.363265306,NA,3550,four,GLV,4,45191.79,13,0,3550
8/9/16,GL4,4,NA,NA,9:33,NA,5.46,10.71,6,8,5.44,49,3.5,291,0.23755102,NA,3550,four,GLV,4,45191.79,13,0,3550
8/9/16,GL4,5,NA,NA,9:36,NA,5.56,10.72,6,8,5.39,48.6,3.5,165,0.134693878,NA,3550,four,GLV,4,45191.79,13,0,3550
8/9/16,GL4,6,NA,NA,9:39,NA,5.52,10.64,6,9,5.4,48.6,3.5,105,0.085714286,NA,3550,four,GLV,4,45191.79,13,0,3550
8/9/16,GL4,7,NA,NA,9:42,NA,5.4,10.59,6,9,5.32,47.8,3.5,86,0.070204082,NA,3550,four,GLV,4,45191.79,13,0,3550
8/9/16,GL4,8,NA,NA,9:45,NA,5.82,10.49,6,9,5.29,47.3,3.5,62,0.050612245,NA,3550,four,GLV,4,45191.79,13,0,3550
8/9/16,GL4,9,NA,NA,9:54,1.45,5.9,10.26,6,9,5.28,47.1,3.5,39,0.031836735,NA,3550,four,GLV,4,45191.79,13,0,3550
8/9/16,GL4,10,NA,NA,9:56,NA,5.8,9.77,6,9,5.43,45.2,3.5,27,0.022040816,NA,3550,four,GLV,4,45191.79,13,0,3550
8/9/16,GL4,11,NA,NA,9:59,NA,5.4,7.99,6,9,4.26,36,3.5,NA,NA,NA,3550,four,GLV,4,45191.79,13,0,3550
8/9/16,GL4,12,NA,NA,10:08,NA,5.33,7.17,6,9,3.61,29.8,3.5,NA,NA,NA,3550,four,GLV,4,45191.79,13,0,3550
8/9/16,GL4,13,hypo,0,10:17,NA,5.3,6.77,6,10,3.05,25,3.5,NA,NA,NA,3550,four,GLV,4,45191.79,13,0,3550
8/16/16,GL4,0,sur,1,9:10,0.89,6.96,11.22,6,8,6.14,56,4.5,1044,1,0.708812261,3550,five,GLV,5,45191.79,13,0,3550
8/16/16,GL4,1,NA,NA,9:15,NA,6.89,11.02,7,9,6.08,55,4.5,740,0.708812261,NA,3550,five,GLV,5,45191.79,13,0,3550
8/16/16,GL4,2,NA,NA,9:17,NA,6.79,10.97,7,9,6.04,54.8,4.5,611,0.585249042,NA,3550,five,GLV,5,45191.79,13,0,3550
8/16/16,GL4,3,NA,NA,9:19,1.49,6.71,10.94,6,9,6.09,55.1,4.5,489,0.468390805,NA,3550,five,GLV,5,45191.79,13,0,3550
8/16/16,GL4,4,NA,NA,9:21,NA,6.58,10.94,6,9,6.05,54.9,4.5,320,0.30651341,NA,3550,five,GLV,5,45191.79,13,0,3550
8/16/16,GL4,5,NA,NA,9:23,NA,6.48,10.88,7,9,6.06,54.8,4.5,207,0.198275862,NA,3550,five,GLV,5,45191.79,13,0,3550
8/16/16,GL4,6,NA,NA,9:25,NA,6.37,10.71,6,9,6.04,54.5,4.5,169,0.161877395,NA,3550,five,GLV,5,45191.79,13,0,3550
8/16/16,GL4,7,NA,NA,9:27,NA,6.28,10.56,7,9,6.04,54.2,4.5,130,0.124521073,NA,3550,five,GLV,5,45191.79,13,0,3550
8/16/16,GL4,8,NA,NA,9:30,NA,6.13,10.34,6,9,5.98,53.7,4.5,92,0.088122605,NA,3550,five,GLV,5,45191.79,13,0,3550
8/16/16,GL4,9,NA,NA,9:32,6.82,5.98,10.15,6,9,5.91,52.7,4.5,62,0.059386973,NA,3550,five,GLV,5,45191.79,13,0,3550
8/16/16,GL4,10,NA,NA,9:34,NA,5.95,9.87,6,9,5.89,52.1,4.5,39,0.037356322,NA,3550,five,GLV,5,45191.79,13,0,3550
8/16/16,GL4,11,NA,NA,9:36,NA,5.8,9.08,6,9,5.49,47.5,4.5,NA,NA,NA,3550,five,GLV,5,45191.79,13,0,3550
8/16/16,GL4,12,NA,NA,9:39,NA,5.16,7.8,6,9,3.59,30,4.5,NA,NA,NA,3550,five,GLV,5,45191.79,13,0,3550
8/16/16,GL4,13,hypo,0,9:41,NA,4.6,7.71,7,10,3.21,27.3,4.5,NA,NA,NA,3550,five,GLV,5,45191.79,13,0,3550
8/23/16,GL4,0,sur,1,8:48,5.61,7.21,9.77,9,6,6.75,59.5,3.75,370,1,0.654054054,3550,six,GLV,6,45191.79,13,0,3550
8/23/16,GL4,1,NA,NA,8:50,NA,7.06,9.77,8,6,6.76,59.7,3.75,242,0.654054054,NA,3550,six,GLV,6,45191.79,13,0,3550
8/23/16,GL4,2,NA,NA,8:53,NA,6.4,9.78,10,7,6.66,58.7,3.75,183,0.494594595,NA,3550,six,GLV,6,45191.79,13,0,3550
8/23/16,GL4,3,NA,NA,8:55,4.94,6.3,9.76,9,6,6.71,59.1,3.75,133,0.359459459,NA,3550,six,GLV,6,45191.79,13,0,3550
8/23/16,GL4,4,NA,NA,9:04,NA,5.72,9.77,9,6,6.64,58.6,3.75,87,0.235135135,NA,3550,six,GLV,6,45191.79,13,0,3550
8/23/16,GL4,5,NA,NA,9:08,NA,5.7,9.71,10,7,6.6,58.1,3.75,68,0.183783784,NA,3550,six,GLV,6,45191.79,13,0,3550
8/23/16,GL4,6,NA,NA,9:13,NA,5.73,9.71,10,7,6.62,58.2,3.75,35,0.094594595,NA,3550,six,GLV,6,45191.79,13,0,3550
8/23/16,GL4,7,NA,NA,9:15,NA,5.68,9.68,9,7,6.62,58.2,3.75,26,0.07027027,NA,3550,six,GLV,6,45191.79,13,0,3550
8/23/16,GL4,8,NA,NA,9:18,NA,5.88,9.72,9,7,6.64,58.3,3.75,19,0.051351351,NA,3550,six,GLV,6,45191.79,13,0,3550
8/23/16,GL4,9,NA,NA,9:21,2.12,5.56,9.72,9,7,6.64,58.5,3.75,14,0.037837838,NA,3550,six,GLV,6,45191.79,13,0,3550
8/23/16,GL4,10,NA,NA,9:23,NA,5.52,9.64,9,7,6.62,58.2,3.75,8,0.021621622,NA,3550,six,GLV,6,45191.79,13,0,3550
8/23/16,GL4,11,NA,NA,9:25,NA,5.49,9.66,9,7,6.61,58.1,3.75,NA,NA,NA,3550,six,GLV,6,45191.79,13,0,3550
8/23/16,GL4,12,NA,NA,9:28,NA,5.5,9.62,9,7,6.63,58.2,3.75,NA,NA,NA,3550,six,GLV,6,45191.79,13,0,3550
8/23/16,GL4,13,hypo,0,9:30,NA,5.48,9.61,9,7,6.64,58.3,3.75,NA,NA,NA,3550,six,GLV,6,45191.79,13,0,3550